token	leaf	recipe	metric	best_before_lqr	best_after_lqr	best_before_pp	best_after_pp	drivor_pp	hist_seed_0	hist_seed_1	hist_seed_1024
0027991369e05ab2	R-1	-	DS	21.271	22.093	100.0	100.0	100.0	100.0	100.0	100.0
0027991369e05ab2	R-1	-	success	0	0	1	1	1	1	1	1
0027991369e05ab2	R-1	-	RC_pct	21.43	22.22	100.0	100.0	100.0	100.0	100.0	100.0
0027991369e05ab2	R-1	-	penalty	0.992549	0.994295	1.0	1.0	1.0	1.0	1.0	1.0
0027991369e05ab2	R-1	-	termination	off_drivable	off_drivable	goal_reached	goal_reached	goal_reached	goal_reached	goal_reached	goal_reached
0027991369e05ab2	R-1	-	term_frame	61	63	296	300	222	304	313	304
0027991369e05ab2	R-1	-	detail	off drivable for 0.5 s through frame 61	off drivable for 0.5 s through frame 63	goal region entered	goal region entered	goal region entered	goal region entered	goal region entered	goal region entered
0027991369e05ab2	R-1	-	frames	62	64	297	301	223	305	314	305
0027991369e05ab2	R-1	-	warmup	20	20	20	20	20	20	20	20
0027991369e05ab2	R-1	-	off_route_pct	0.745	0.57	0.0	0.0	0.0	0.0	0.0	0.0
0027991369e05ab2	R-1	-	coll_vehicle	0	0	0	0	0	0	0	0
0027991369e05ab2	R-1	-	coll_ped	0	0	0	0	0	0	0	0
0027991369e05ab2	R-1	-	coll_layout	0	0	0	0	0	0	0	0
0027991369e05ab2	R-1	-	red_light	0	0	0	0	0	0	0	0
0027991369e05ab2	R-1	-	comfort	0.5	0.5	0.4615	0.3571	0.0	1.0	1.0	1.0
0027991369e05ab2	R-1	-	route_completion	19.4381	19.8656	82.43	82.3445	81.3863	82.2727	81.2615	82.2727
0027991369e05ab2	R-1	-	epdms	0.7728	0.7862	0.6979	0.7065	0.7471	0.8076	0.851	0.8076
0027991369e05ab2	R-1	-	no_at_fault_collisions	1.0	1.0	1.0	1.0	1.0	1.0	1.0	1.0
0027991369e05ab2	R-1	-	drivable_area_compliance	0.881	0.8864	1.0	1.0	1.0	1.0	1.0	1.0
0027991369e05ab2	R-1	-	driving_direction_compliance	1.0	1.0	1.0	1.0	1.0	1.0	1.0	1.0
0027991369e05ab2	R-1	-	traffic_light_compliance	1.0	1.0	1.0	1.0	1.0	1.0	1.0	1.0
0027991369e05ab2	R-1	-	time_to_collision_within_bound	1.0	1.0	1.0	1.0	1.0	1.0	1.0	1.0
0027991369e05ab2	R-1	-	lane_keeping	1.0	1.0	0.1841	0.1851	0.2069	0.2807	0.5544	0.2807
0027991369e05ab2	R-1	-	history_comfort	0.9286	0.9545	0.787	0.8007	0.6355	0.9825	0.983	0.9825
0027991369e05ab2	R-1	-	extended_comfort	0.5476	0.6591	0.3285	0.4235	0.4039	0.7544	0.7415	0.7544
0027991369e05ab2	R-1	-	ego_progress	0.1552	0.1636	1.0	1.0	1.0	1.0	1.0	1.0
0027991369e05ab2	R-1	-	collision_count	0.0	0.0	0.0	0.0	0.0	0.0	0.0	0.0
0027991369e05ab2	R-1	-	avg_speed	3.1563	3.1245	2.7798	2.7401	3.6555	2.7018	2.5921	2.7018
0122ce98b2735558	C-6	-	DS	41.396	42.058	100.0	100.0	100.0	100.0	100.0	100.0
0122ce98b2735558	C-6	-	success	0	0	1	1	1	1	1	1
0122ce98b2735558	C-6	-	RC_pct	43.01	43.74	100.0	100.0	100.0	100.0	100.0	100.0
0122ce98b2735558	C-6	-	penalty	0.962498	0.961568	1.0	1.0	1.0	1.0	1.0	1.0
0122ce98b2735558	C-6	-	termination	off_drivable	off_drivable	goal_reached	goal_reached	goal_reached	goal_reached	goal_reached	goal_reached
0122ce98b2735558	C-6	-	term_frame	80	81	254	278	330	329	450	329
0122ce98b2735558	C-6	-	detail	off drivable for 0.5 s through frame 80	off drivable for 0.5 s through frame 81	goal region entered	goal region entered	goal region entered	goal region entered	goal region entered	goal region entered
0122ce98b2735558	C-6	-	frames	81	82	255	279	331	330	451	330
0122ce98b2735558	C-6	-	warmup	20	20	20	20	20	20	20	20
0122ce98b2735558	C-6	-	off_route_pct	3.75	3.843	0.0	0.0	0.0	0.0	0.0	0.0
0122ce98b2735558	C-6	-	coll_vehicle	0	0	0	0	0	0	0	0
0122ce98b2735558	C-6	-	coll_ped	0	0	0	0	0	0	0	0
0122ce98b2735558	C-6	-	coll_layout	0	0	0	0	0	0	0	0
0122ce98b2735558	C-6	-	red_light	0	0	0	0	0	0	0	0
0122ce98b2735558	C-6	-	comfort	1.0	1.0	0.9091	0.6667	0.4	0.9333	1.0	0.9333
0122ce98b2735558	C-6	-	route_completion	34.1129	34.3326	74.0078	74.5815	74.6792	75.736	74.9537	75.736
0122ce98b2735558	C-6	-	epdms	0.8037	0.8028	0.8068	0.7944	0.7277	0.8564	0.8713	0.8564
0122ce98b2735558	C-6	-	no_at_fault_collisions	1.0	1.0	1.0	1.0	1.0	1.0	1.0	1.0
0122ce98b2735558	C-6	-	drivable_area_compliance	0.918	0.9194	1.0	1.0	1.0	1.0	1.0	1.0
0122ce98b2735558	C-6	-	driving_direction_compliance	1.0	1.0	1.0	1.0	1.0	1.0	1.0	1.0
0122ce98b2735558	C-6	-	traffic_light_compliance	1.0	1.0	1.0	1.0	1.0	1.0	1.0	1.0
0122ce98b2735558	C-6	-	time_to_collision_within_bound	1.0	1.0	1.0	1.0	1.0	1.0	1.0	1.0
0122ce98b2735558	C-6	-	lane_keeping	0.8361	0.8548	0.7574	0.7722	0.4084	0.7194	0.6845	0.7194
0122ce98b2735558	C-6	-	history_comfort	0.9836	0.9839	0.8894	0.8185	0.7974	0.9935	0.9977	0.9935
0122ce98b2735558	C-6	-	extended_comfort	0.7213	0.6935	0.5447	0.4517	0.3601	0.7323	0.7865	0.7323
0122ce98b2735558	C-6	-	ego_progress	0.3193	0.3279	1.0	1.0	1.0	1.0	1.0	1.0
0122ce98b2735558	C-6	-	collision_count	0.0	0.0	0.0	0.0	0.0	0.0	0.0	0.0
0122ce98b2735558	C-6	-	avg_speed	4.2918	4.2663	2.9278	2.6965	2.2758	2.3148	1.6764	2.3148
02902d180b405100	C-1	-	DS	39.393	100.0	100.0	100.0	27.774	100.0	100.0	100.0
02902d180b405100	C-1	-	success	0	1	1	1	0	1	1	1
02902d180b405100	C-1	-	RC_pct	65.65	100.0	100.0	100.0	28.73	100.0	100.0	100.0
02902d180b405100	C-1	-	penalty	0.6	1.0	1.0	1.0	0.966595	1.0	1.0	1.0
02902d180b405100	C-1	-	termination	contact_at_fault	goal_reached	goal_reached	goal_reached	off_drivable	goal_reached	goal_reached	goal_reached
02902d180b405100	C-1	-	term_frame	245	355	336	335	129	356	353	356
02902d180b405100	C-1	-	detail	front with 83d20455cdc75b71	goal region entered	goal region entered	goal region entered	off drivable for 0.5 s through frame 129	goal region entered	goal region entered	goal region entered
02902d180b405100	C-1	-	frames	246	356	337	336	130	357	354	357
02902d180b405100	C-1	-	warmup	20	20	20	20	20	20	20	20
02902d180b405100	C-1	-	off_route_pct	0.0	0.0	0.0	0.0	3.34	0.0	0.0	0.0
02902d180b405100	C-1	-	coll_vehicle	1	0	0	0	0	0	0	0
02902d180b405100	C-1	-	coll_ped	0	0	0	0	0	0	0	0
02902d180b405100	C-1	-	coll_layout	0	0	0	0	0	0	0	0
02902d180b405100	C-1	-	red_light	0	0	0	0	0	0	0	0
02902d180b405100	C-1	-	comfort	0.9091	0.9375	0.1333	0.0667	0.0	0.9375	0.875	0.9375
02902d180b405100	C-1	-	route_completion	107.561	162.3061	162.0161	161.956	46.7189	162.3083	162.005	162.3083
02902d180b405100	C-1	-	epdms	0.8334	0.8579	0.7619	0.7502	0.7465	0.7961	0.7946	0.7961
02902d180b405100	C-1	-	no_at_fault_collisions	0.9956	1.0	1.0	1.0	1.0	1.0	1.0	1.0
02902d180b405100	C-1	-	drivable_area_compliance	1.0	1.0	1.0	1.0	0.9364	1.0	1.0	1.0
02902d180b405100	C-1	-	driving_direction_compliance	1.0	1.0	1.0	1.0	1.0	1.0	1.0	1.0
02902d180b405100	C-1	-	traffic_light_compliance	1.0	1.0	1.0	1.0	1.0	1.0	1.0	1.0
02902d180b405100	C-1	-	time_to_collision_within_bound	0.9646	1.0	1.0	1.0	1.0	1.0	1.0	1.0
02902d180b405100	C-1	-	lane_keeping	0.9558	0.8929	0.9022	0.7975	0.8273	0.4599	0.4671	0.4599
02902d180b405100	C-1	-	history_comfort	0.9867	0.9821	0.6404	0.6424	0.6818	0.9763	0.976	0.9763
02902d180b405100	C-1	-	extended_comfort	0.6504	0.6667	0.2713	0.269	0.5273	0.6795	0.6617	0.6795
02902d180b405100	C-1	-	ego_progress	0.6481	1.0	1.0	1.0	0.2717	1.0	1.0	1.0
02902d180b405100	C-1	-	collision_count	1.0	0.0	0.0	0.0	0.0	0.0	0.0	0.0
02902d180b405100	C-1	-	avg_speed	4.3763	4.5618	4.8104	4.823	3.6011	4.5491	4.5791	4.5491
07c5114fdb395f8b	V-5	-	DS	100.0	100.0	100.0	100.0	41.672	100.0	100.0	100.0
07c5114fdb395f8b	V-5	-	success	1	1	1	1	0	1	1	1
07c5114fdb395f8b	V-5	-	RC_pct	100.0	100.0	100.0	100.0	69.45	100.0	100.0	100.0
07c5114fdb395f8b	V-5	-	penalty	1.0	1.0	1.0	1.0	0.6	1.0	1.0	1.0
07c5114fdb395f8b	V-5	-	termination	goal_reached	goal_reached	goal_reached	goal_reached	contact_at_fault	goal_reached	goal_reached	goal_reached
07c5114fdb395f8b	V-5	-	term_frame	313	313	292	254	222	324	287	324
07c5114fdb395f8b	V-5	-	detail	goal region entered	goal region entered	goal region entered	goal region entered	front with a119e2a2636a54cc	goal region entered	goal region entered	goal region entered
07c5114fdb395f8b	V-5	-	frames	314	314	293	255	223	325	288	325
07c5114fdb395f8b	V-5	-	warmup	20	20	20	20	20	20	20	20
07c5114fdb395f8b	V-5	-	off_route_pct	0.0	0.0	0.0	0.0	0.0	0.0	0.0	0.0
07c5114fdb395f8b	V-5	-	coll_vehicle	0	0	0	0	1	0	0	0
07c5114fdb395f8b	V-5	-	coll_ped	0	0	0	0	0	0	0	0
07c5114fdb395f8b	V-5	-	coll_layout	0	0	0	0	0	0	0	0
07c5114fdb395f8b	V-5	-	red_light	0	0	0	0	0	0	0	0
07c5114fdb395f8b	V-5	-	comfort	0.8571	0.9286	0.4615	0.5455	0.2	0.8	0.9231	0.8
07c5114fdb395f8b	V-5	-	route_completion	224.1347	224.1659	224.0134	224.5336	157.0441	224.4733	224.392	224.4733
07c5114fdb395f8b	V-5	-	epdms	0.8612	0.8396	0.8026	0.7867	0.6538	0.776	0.8426	0.776
07c5114fdb395f8b	V-5	-	no_at_fault_collisions	1.0	1.0	1.0	1.0	0.9951	1.0	1.0	1.0
07c5114fdb395f8b	V-5	-	drivable_area_compliance	1.0	1.0	1.0	1.0	1.0	1.0	1.0	1.0
07c5114fdb395f8b	V-5	-	driving_direction_compliance	1.0	1.0	1.0	1.0	1.0	1.0	1.0	1.0
07c5114fdb395f8b	V-5	-	traffic_light_compliance	1.0	1.0	1.0	1.0	1.0	1.0	1.0	1.0
07c5114fdb395f8b	V-5	-	time_to_collision_within_bound	1.0	1.0	1.0	1.0	0.9606	1.0	1.0	1.0
07c5114fdb395f8b	V-5	-	lane_keeping	0.4898	0.3639	0.6996	0.4596	0.4236	0.4098	0.6045	0.4098
07c5114fdb395f8b	V-5	-	history_comfort	0.9796	0.9796	0.7363	0.7872	0.5517	0.9541	0.9627	0.9541
07c5114fdb395f8b	V-5	-	extended_comfort	0.7585	0.7109	0.4139	0.4851	0.532	0.6426	0.6754	0.6426
07c5114fdb395f8b	V-5	-	ego_progress	1.0	1.0	1.0	1.0	0.6494	1.0	1.0	1.0
07c5114fdb395f8b	V-5	-	collision_count	0.0	0.0	0.0	0.0	1.0	0.0	0.0	0.0
07c5114fdb395f8b	V-5	-	avg_speed	7.1791	7.1801	7.6895	8.8558	7.1002	6.9466	7.8362	6.9466
089e3eac4f7e5c5c	V-4	-	DS	100.0	100.0	100.0	100.0	100.0	100.0	100.0	100.0
089e3eac4f7e5c5c	V-4	-	success	1	1	1	1	1	1	1	1
089e3eac4f7e5c5c	V-4	-	RC_pct	100.0	100.0	100.0	100.0	100.0	100.0	100.0	100.0
089e3eac4f7e5c5c	V-4	-	penalty	1.0	1.0	1.0	1.0	1.0	1.0	1.0	1.0
089e3eac4f7e5c5c	V-4	-	termination	goal_reached	goal_reached	goal_reached	goal_reached	goal_reached	goal_reached	goal_reached	goal_reached
089e3eac4f7e5c5c	V-4	-	term_frame	232	244	206	207	208	192	188	192
089e3eac4f7e5c5c	V-4	-	detail	goal region entered	goal region entered	goal region entered	goal region entered	goal region entered	goal region entered	goal region entered	goal region entered
089e3eac4f7e5c5c	V-4	-	frames	233	245	207	208	209	193	189	193
089e3eac4f7e5c5c	V-4	-	warmup	20	20	20	20	20	20	20	20
089e3eac4f7e5c5c	V-4	-	off_route_pct	0.0	0.0	0.0	0.0	0.0	0.0	0.0	0.0
089e3eac4f7e5c5c	V-4	-	coll_vehicle	0	0	0	0	0	0	0	0
089e3eac4f7e5c5c	V-4	-	coll_ped	0	0	0	0	0	0	0	0
089e3eac4f7e5c5c	V-4	-	coll_layout	0	0	0	0	0	0	0	0
089e3eac4f7e5c5c	V-4	-	red_light	0	0	0	0	0	0	0	0
089e3eac4f7e5c5c	V-4	-	comfort	0.6	0.8182	0.0	0.0	0.2222	0.75	0.875	0.75
089e3eac4f7e5c5c	V-4	-	route_completion	101.255	101.2734	99.5663	99.2025	100.1955	100.9756	100.6971	100.9756
089e3eac4f7e5c5c	V-4	-	epdms	0.8472	0.7877	0.712	0.6936	0.7248	0.8691	0.8974	0.8691
089e3eac4f7e5c5c	V-4	-	no_at_fault_collisions	1.0	1.0	1.0	1.0	1.0	1.0	1.0	1.0
089e3eac4f7e5c5c	V-4	-	drivable_area_compliance	1.0	1.0	1.0	1.0	1.0	1.0	1.0	1.0
089e3eac4f7e5c5c	V-4	-	driving_direction_compliance	1.0	1.0	1.0	1.0	1.0	1.0	1.0	1.0
089e3eac4f7e5c5c	V-4	-	traffic_light_compliance	1.0	1.0	1.0	1.0	1.0	1.0	1.0	1.0
089e3eac4f7e5c5c	V-4	-	time_to_collision_within_bound	1.0	1.0	1.0	1.0	1.0	1.0	1.0	1.0
089e3eac4f7e5c5c	V-4	-	lane_keeping	0.8357	0.4489	0.4652	0.4096	0.381	0.7457	1.0	0.7457
089e3eac4f7e5c5c	V-4	-	history_comfort	0.9577	0.9644	0.6952	0.6649	0.7566	0.9827	0.9882	0.9827
089e3eac4f7e5c5c	V-4	-	extended_comfort	0.6526	0.6356	0.2406	0.2447	0.3228	0.7341	0.7337	0.7341
089e3eac4f7e5c5c	V-4	-	ego_progress	1.0	1.0	1.0	1.0	1.0	1.0	1.0	1.0
089e3eac4f7e5c5c	V-4	-	collision_count	0.0	0.0	0.0	0.0	0.0	0.0	0.0	0.0
089e3eac4f7e5c5c	V-4	-	avg_speed	4.3934	4.1789	4.8636	4.8227	4.8472	5.2894	5.3866	5.2894
0d5b8da00d505be0	I-2	-	DS	100.0	100.0	100.0	100.0	89.303	100.0	100.0	100.0
0d5b8da00d505be0	I-2	-	success	1	1	1	1	0	1	1	1
0d5b8da00d505be0	I-2	-	RC_pct	100.0	100.0	100.0	100.0	89.3	100.0	100.0	100.0
0d5b8da00d505be0	I-2	-	penalty	1.0	1.0	1.0	1.0	1.0	1.0	1.0	1.0
0d5b8da00d505be0	I-2	-	termination	goal_reached	goal_reached	goal_reached	goal_reached	off_drivable	goal_reached	goal_reached	goal_reached
0d5b8da00d505be0	I-2	-	term_frame	389	391	369	381	382	332	328	332
0d5b8da00d505be0	I-2	-	detail	goal region entered	goal region entered	goal region entered	goal region entered	off drivable for 0.5 s through frame 382	goal region entered	goal region entered	goal region entered
0d5b8da00d505be0	I-2	-	frames	390	392	370	382	383	333	329	333
0d5b8da00d505be0	I-2	-	warmup	20	20	20	20	20	20	20	20
0d5b8da00d505be0	I-2	-	off_route_pct	0.0	0.0	0.0	0.0	0.0	0.0	0.0	0.0
0d5b8da00d505be0	I-2	-	coll_vehicle	0	0	0	0	0	0	0	0
0d5b8da00d505be0	I-2	-	coll_ped	0	0	0	0	0	0	0	0
0d5b8da00d505be0	I-2	-	coll_layout	0	0	0	0	0	0	0	0
0d5b8da00d505be0	I-2	-	red_light	0	0	0	0	0	0	0	0
0d5b8da00d505be0	I-2	-	comfort	0.7222	0.9444	0.1765	0.1667	0.0556	0.7333	0.7333	0.7333
0d5b8da00d505be0	I-2	-	route_completion	227.8024	227.6109	228.2273	227.8081	206.1021	227.8566	228.1452	227.8566
0d5b8da00d505be0	I-2	-	epdms	0.8063	0.808	0.6942	0.7	0.6671	0.7542	0.7467	0.7542
0d5b8da00d505be0	I-2	-	no_at_fault_collisions	1.0	1.0	1.0	1.0	1.0	1.0	1.0	1.0
0d5b8da00d505be0	I-2	-	drivable_area_compliance	1.0	1.0	1.0	1.0	0.9862	1.0	1.0	1.0
0d5b8da00d505be0	I-2	-	driving_direction_compliance	1.0	1.0	1.0	1.0	1.0	1.0	1.0	1.0
0d5b8da00d505be0	I-2	-	traffic_light_compliance	1.0	1.0	1.0	1.0	1.0	1.0	1.0	1.0
0d5b8da00d505be0	I-2	-	time_to_collision_within_bound	1.0	1.0	1.0	1.0	0.9835	1.0	1.0	1.0
0d5b8da00d505be0	I-2	-	lane_keeping	0.6216	0.6398	0.5914	0.6436	0.573	0.3291	0.2913	0.3291
0d5b8da00d505be0	I-2	-	history_comfort	0.9838	0.9785	0.6029	0.5801	0.5895	0.9681	0.9741	0.9681
0d5b8da00d505be0	I-2	-	extended_comfort	0.6892	0.6828	0.2857	0.2459	0.3719	0.6613	0.6764	0.6613
0d5b8da00d505be0	I-2	-	ego_progress	1.0	1.0	1.0	1.0	0.877	1.0	1.0	1.0
0d5b8da00d505be0	I-2	-	collision_count	0.0	0.0	0.0	0.0	0.0	0.0	0.0	0.0
0d5b8da00d505be0	I-2	-	avg_speed	5.8665	5.8317	6.1951	5.9895	5.4072	6.8723	6.9647	6.8723
132307b3c1a55f97	R-3	R-3	DS	10.17	10.165	12.438	11.544	30.601	10.35	100.0	10.35
132307b3c1a55f97	R-3	R-3	success	0	0	0	0	0	0	1	0
132307b3c1a55f97	R-3	R-3	RC_pct	10.55	10.55	24.88	23.09	51.0	10.93	100.0	10.93
132307b3c1a55f97	R-3	R-3	penalty	0.963571	0.963104	0.5	0.5	0.6	0.947017	1.0	0.947017
132307b3c1a55f97	R-3	R-3	termination	off_drivable	off_drivable	contact_at_fault	contact_at_fault	contact_at_fault	off_drivable	goal_reached	off_drivable
132307b3c1a55f97	R-3	R-3	term_frame	60	63	71	86	248	60	393	60
132307b3c1a55f97	R-3	R-3	detail	off drivable for 0.5 s through frame 60	off drivable for 0.5 s through frame 63	vru with navsafe_ped_1	vru with navsafe_robot_2	front with a2f1f2ee41b05373	off drivable for 0.5 s through frame 60	goal region entered	off drivable for 0.5 s through frame 60
132307b3c1a55f97	R-3	R-3	frames	61	64	72	87	249	61	394	61
132307b3c1a55f97	R-3	R-3	warmup	8	8	8	8	8	8	8	8
132307b3c1a55f97	R-3	R-3	off_route_pct	3.643	3.69	0.0	0.0	0.0	5.298	0.0	5.298
132307b3c1a55f97	R-3	R-3	coll_vehicle	0	0	0	0	1	0	0	0
132307b3c1a55f97	R-3	R-3	coll_ped	0	0	1	1	0	0	0	0
132307b3c1a55f97	R-3	R-3	coll_layout	0	0	0	0	0	0	0	0
132307b3c1a55f97	R-3	R-3	red_light	0	0	0	0	0	0	0	0
132307b3c1a55f97	R-3	R-3	comfort	0.5	0.5	0.6667	0.0	0.0	1.0	0.8947	1.0
132307b3c1a55f97	R-3	R-3	route_completion	15.3501	15.4532	34.1744	31.3563	71.0461	15.5445	137.9736	15.5445
132307b3c1a55f97	R-3	R-3	epdms	0.7647	0.7549	0.7341	0.6793	0.7124	0.7672	0.796	0.7672
132307b3c1a55f97	R-3	R-3	no_at_fault_collisions	1.0	1.0	0.9844	0.9873	0.9959	1.0	1.0	1.0
132307b3c1a55f97	R-3	R-3	drivable_area_compliance	0.9057	0.9107	1.0	1.0	1.0	0.9057	1.0	0.9057
132307b3c1a55f97	R-3	R-3	driving_direction_compliance	1.0	1.0	1.0	1.0	1.0	1.0	1.0	1.0
132307b3c1a55f97	R-3	R-3	traffic_light_compliance	1.0	1.0	1.0	1.0	1.0	1.0	1.0	1.0
132307b3c1a55f97	R-3	R-3	time_to_collision_within_bound	1.0	1.0	0.8438	0.8861	0.971	1.0	1.0	1.0
132307b3c1a55f97	R-3	R-3	lane_keeping	0.9245	0.9107	0.6094	0.2405	0.9004	0.8679	0.5959	0.8679
132307b3c1a55f97	R-3	R-3	history_comfort	0.9811	1.0	0.6562	0.5823	0.6598	1.0	0.9741	1.0
132307b3c1a55f97	R-3	R-3	extended_comfort	0.7547	0.6786	0.3281	0.3544	0.4855	0.7736	0.6788	0.7736
132307b3c1a55f97	R-3	R-3	ego_progress	0.0863	0.0863	0.2322	0.214	0.4984	0.0902	1.0	0.0902
132307b3c1a55f97	R-3	R-3	collision_count	0.0	0.0	1.0	1.0	1.0	0.0	0.0	0.0
132307b3c1a55f97	R-3	R-3	avg_speed	2.5618	2.4578	4.7849	3.636	2.8644	2.5936	3.5089	2.5936
14c0a657ac3e5bb7	V-8	V-8	DS	21.118	21.083	100.0	100.0	22.242	20.243	20.243	20.243
14c0a657ac3e5bb7	V-8	V-8	success	0	0	1	1	0	0	0	0
14c0a657ac3e5bb7	V-8	V-8	RC_pct	21.43	21.43	100.0	100.0	37.07	33.74	33.74	33.74
14c0a657ac3e5bb7	V-8	V-8	penalty	0.985554	0.983943	1.0	1.0	0.6	0.6	0.6	0.6
14c0a657ac3e5bb7	V-8	V-8	termination	off_drivable	off_drivable	goal_reached	goal_reached	contact_at_fault	contact_at_fault	contact_at_fault	contact_at_fault
14c0a657ac3e5bb7	V-8	V-8	term_frame	110	110	255	246	141	343	343	343
14c0a657ac3e5bb7	V-8	V-8	detail	off drivable for 0.5 s through frame 110	off drivable for 0.5 s through frame 110	goal region entered	goal region entered	front with efd2e658459857cb	front with efd2e658459857cb	front with efd2e658459857cb	front with efd2e658459857cb
14c0a657ac3e5bb7	V-8	V-8	frames	111	111	256	247	142	344	344	344
14c0a657ac3e5bb7	V-8	V-8	warmup	8	8	8	8	8	8	8	8
14c0a657ac3e5bb7	V-8	V-8	off_route_pct	1.445	1.606	0.0	0.0	0.0	0.0	0.0	0.0
14c0a657ac3e5bb7	V-8	V-8	coll_vehicle	0	0	0	0	1	1	1	1
14c0a657ac3e5bb7	V-8	V-8	coll_ped	0	0	0	0	0	0	0	0
14c0a657ac3e5bb7	V-8	V-8	coll_layout	0	0	0	0	0	0	0	0
14c0a657ac3e5bb7	V-8	V-8	red_light	0	0	0	0	0	0	0	0
14c0a657ac3e5bb7	V-8	V-8	comfort	0.8	0.8	0.25	0.5455	0.5	0.9375	0.9375	0.9375
14c0a657ac3e5bb7	V-8	V-8	route_completion	31.0148	30.8112	100.4789	99.91	38.6071	40.2144	40.2144	40.2144
14c0a657ac3e5bb7	V-8	V-8	epdms	0.8468	0.8532	0.7536	0.7698	0.7638	0.7005	0.7005	0.7005
14c0a657ac3e5bb7	V-8	V-8	no_at_fault_collisions	1.0	1.0	1.0	1.0	0.9925	0.997	0.997	0.997
14c0a657ac3e5bb7	V-8	V-8	drivable_area_compliance	0.9515	0.9515	1.0	1.0	1.0	1.0	1.0	1.0
14c0a657ac3e5bb7	V-8	V-8	driving_direction_compliance	1.0	1.0	1.0	1.0	1.0	1.0	1.0	1.0
14c0a657ac3e5bb7	V-8	V-8	traffic_light_compliance	1.0	1.0	1.0	1.0	1.0	1.0	1.0	1.0
14c0a657ac3e5bb7	V-8	V-8	time_to_collision_within_bound	1.0	1.0	1.0	1.0	0.8955	0.9673	0.9673	0.9673
14c0a657ac3e5bb7	V-8	V-8	lane_keeping	1.0	0.9806	0.3629	0.3891	0.709	0.247	0.247	0.247
14c0a657ac3e5bb7	V-8	V-8	history_comfort	0.9806	0.9806	0.7339	0.7573	0.7836	0.997	0.997	0.997
14c0a657ac3e5bb7	V-8	V-8	extended_comfort	0.6796	0.7282	0.3145	0.3431	0.4254	0.7946	0.7946	0.7946
14c0a657ac3e5bb7	V-8	V-8	ego_progress	0.1893	0.1893	1.0	1.0	0.3501	0.3159	0.3159	0.3159
14c0a657ac3e5bb7	V-8	V-8	collision_count	0.0	0.0	0.0	0.0	1.0	1.0	1.0	1.0
14c0a657ac3e5bb7	V-8	V-8	avg_speed	2.8304	2.8121	3.9407	4.0612	2.7472	1.1807	1.1807	1.1807
1e9350ac2bc25f59	C-7	C-7	DS	20.703	20.724	100.0	20.996	100.0	21.003	42.403	21.003
1e9350ac2bc25f59	C-7	C-7	success	0	0	1	0	1	0	0	0
1e9350ac2bc25f59	C-7	C-7	RC_pct	21.0	21.0	100.0	21.0	100.0	21.0	43.14	21.0
1e9350ac2bc25f59	C-7	C-7	penalty	0.985721	0.986687	1.0	0.99963	1.0	1.0	0.982959	1.0
1e9350ac2bc25f59	C-7	C-7	termination	off_drivable	off_drivable	goal_reached	off_drivable	goal_reached	off_drivable	off_drivable	off_drivable
1e9350ac2bc25f59	C-7	C-7	term_frame	123	128	188	88	214	68	194	68
1e9350ac2bc25f59	C-7	C-7	detail	off drivable for 0.5 s through frame 123	off drivable for 0.5 s through frame 128	goal region entered	off drivable for 0.5 s through frame 88	goal region entered	off drivable for 0.5 s through frame 68	off drivable for 0.5 s through frame 194	off drivable for 0.5 s through frame 68
1e9350ac2bc25f59	C-7	C-7	frames	124	129	189	89	215	69	195	69
1e9350ac2bc25f59	C-7	C-7	warmup	8	8	8	8	8	8	8	8
1e9350ac2bc25f59	C-7	C-7	off_route_pct	1.428	1.331	0.0	0.037	0.0	0.0	1.704	0.0
1e9350ac2bc25f59	C-7	C-7	coll_vehicle	0	0	0	0	0	0	0	0
1e9350ac2bc25f59	C-7	C-7	coll_ped	0	0	0	0	0	0	0	0
1e9350ac2bc25f59	C-7	C-7	coll_layout	0	0	0	0	0	0	0	0
1e9350ac2bc25f59	C-7	C-7	red_light	0	0	0	0	0	0	0	0
1e9350ac2bc25f59	C-7	C-7	comfort	1.0	1.0	0.1111	0.75	0.2	1.0	0.8889	1.0
1e9350ac2bc25f59	C-7	C-7	route_completion	26.6892	27.2229	82.1162	19.2874	81.7128	18.2584	40.5503	18.2584
1e9350ac2bc25f59	C-7	C-7	epdms	0.7634	0.7628	0.8084	0.744	0.7832	0.8338	0.7931	0.8338
1e9350ac2bc25f59	C-7	C-7	no_at_fault_collisions	1.0	1.0	1.0	1.0	1.0	1.0	1.0	1.0
1e9350ac2bc25f59	C-7	C-7	drivable_area_compliance	0.9569	0.9587	1.0	0.9383	1.0	0.918	0.9733	0.918
1e9350ac2bc25f59	C-7	C-7	driving_direction_compliance	1.0	1.0	1.0	1.0	1.0	1.0	1.0	1.0
1e9350ac2bc25f59	C-7	C-7	traffic_light_compliance	1.0	1.0	1.0	1.0	1.0	1.0	1.0	1.0
1e9350ac2bc25f59	C-7	C-7	time_to_collision_within_bound	1.0	1.0	1.0	1.0	1.0	1.0	1.0	1.0
1e9350ac2bc25f59	C-7	C-7	lane_keeping	0.7069	0.6777	0.8564	0.8642	0.8164	1.0	0.8289	1.0
1e9350ac2bc25f59	C-7	C-7	history_comfort	1.0	1.0	0.7072	0.8765	0.6667	0.9836	0.9947	0.9836
1e9350ac2bc25f59	C-7	C-7	extended_comfort	0.7845	0.8182	0.2818	0.4568	0.2609	0.7377	0.6845	0.7377
1e9350ac2bc25f59	C-7	C-7	ego_progress	0.1793	0.1793	1.0	0.1793	1.0	0.1793	0.4115	0.1793
1e9350ac2bc25f59	C-7	C-7	collision_count	0.0	0.0	0.0	0.0	0.0	0.0	0.0	0.0
1e9350ac2bc25f59	C-7	C-7	avg_speed	2.1763	2.1334	4.3605	2.2006	3.8144	2.6893	2.0948	2.6893
20cc0fdb7e2d5c3f	R-2	R-2	DS	100.0	100.0	31.025	31.28	44.033	100.0	4.395	100.0
20cc0fdb7e2d5c3f	R-2	R-2	success	1	1	0	0	0	1	0	1
20cc0fdb7e2d5c3f	R-2	R-2	RC_pct	100.0	100.0	62.05	62.56	44.03	100.0	8.79	100.0
20cc0fdb7e2d5c3f	R-2	R-2	penalty	1.0	1.0	0.5	0.5	1.0	1.0	0.5	1.0
20cc0fdb7e2d5c3f	R-2	R-2	termination	goal_reached	goal_reached	contact_at_fault	contact_at_fault	off_drivable	goal_reached	contact_at_fault	goal_reached
20cc0fdb7e2d5c3f	R-2	R-2	term_frame	269	266	167	174	150	309	21	309
20cc0fdb7e2d5c3f	R-2	R-2	detail	goal region entered	goal region entered	vru with bd69349498e35f50	vru with bd69349498e35f50	off drivable for 0.5 s through frame 150	goal region entered	vru with navsafe_cyclist_1	goal region entered
20cc0fdb7e2d5c3f	R-2	R-2	frames	270	267	168	175	151	310	22	310
20cc0fdb7e2d5c3f	R-2	R-2	warmup	8	8	8	8	8	8	8	8
20cc0fdb7e2d5c3f	R-2	R-2	off_route_pct	0.0	0.0	0.0	0.0	0.0	0.0	0.0	0.0
20cc0fdb7e2d5c3f	R-2	R-2	coll_vehicle	0	0	0	0	0	0	0	0
20cc0fdb7e2d5c3f	R-2	R-2	coll_ped	0	0	1	1	0	0	1	0
20cc0fdb7e2d5c3f	R-2	R-2	coll_layout	0	0	0	0	0	0	0	0
20cc0fdb7e2d5c3f	R-2	R-2	red_light	0	0	0	0	0	0	0	0
20cc0fdb7e2d5c3f	R-2	R-2	comfort	0.9231	0.9167	0.375	0.5	0.0	0.8667	1.0	0.8667
20cc0fdb7e2d5c3f	R-2	R-2	route_completion	146.1179	145.9244	91.434	91.7981	64.9715	145.6723	12.7526	145.6723
20cc0fdb7e2d5c3f	R-2	R-2	epdms	0.8207	0.8259	0.7084	0.7406	0.7549	0.8453	0.6696	0.8453
20cc0fdb7e2d5c3f	R-2	R-2	no_at_fault_collisions	1.0	1.0	0.9938	0.994	1.0	1.0	0.9286	1.0
20cc0fdb7e2d5c3f	R-2	R-2	drivable_area_compliance	1.0	1.0	1.0	1.0	0.965	1.0	1.0	1.0
20cc0fdb7e2d5c3f	R-2	R-2	driving_direction_compliance	1.0	1.0	1.0	1.0	1.0	1.0	1.0	1.0
20cc0fdb7e2d5c3f	R-2	R-2	traffic_light_compliance	1.0	1.0	1.0	1.0	1.0	1.0	1.0	1.0
20cc0fdb7e2d5c3f	R-2	R-2	time_to_collision_within_bound	1.0	1.0	0.9313	0.9341	1.0	1.0	0.2143	1.0
20cc0fdb7e2d5c3f	R-2	R-2	lane_keeping	0.6183	0.668	0.7063	0.8503	0.8741	0.8046	1.0	0.8046
20cc0fdb7e2d5c3f	R-2	R-2	history_comfort	0.9847	0.9846	0.6188	0.6407	0.6503	0.9503	1.0	0.9503
20cc0fdb7e2d5c3f	R-2	R-2	extended_comfort	0.7214	0.722	0.2938	0.3234	0.4615	0.6656	0.7143	0.6656
20cc0fdb7e2d5c3f	R-2	R-2	ego_progress	1.0	1.0	0.6039	0.6092	0.4178	1.0	0.0539	1.0
20cc0fdb7e2d5c3f	R-2	R-2	collision_count	0.0	0.0	1.0	1.0	0.0	0.0	1.0	0.0
20cc0fdb7e2d5c3f	R-2	R-2	avg_speed	5.4328	5.4866	5.4763	5.2781	4.3404	4.7174	6.0547	4.7174
225eb6e22af55972	R-4	R-4	DS	17.212	17.443	17.899	17.443	15.79	15.79	68.042	15.79
225eb6e22af55972	R-4	R-4	success	0	0	0	0	0	0	0	0
225eb6e22af55972	R-4	R-4	RC_pct	49.18	49.84	51.14	49.84	45.11	45.11	100.0	45.11
225eb6e22af55972	R-4	R-4	penalty	0.35	0.35	0.35	0.35	0.35	0.35	0.680416	0.35
225eb6e22af55972	R-4	R-4	termination	contact_at_fault	contact_at_fault	contact_at_fault	contact_at_fault	contact_at_fault	contact_at_fault	off_drivable	contact_at_fault
225eb6e22af55972	R-4	R-4	term_frame	72	73	66	62	59	60	360	60
225eb6e22af55972	R-4	R-4	detail	vru with navsafe_animal	vru with navsafe_animal	vru with navsafe_animal	vru with navsafe_animal	vru with navsafe_animal	vru with navsafe_animal	off drivable for 0.5 s through frame 360	vru with navsafe_animal
225eb6e22af55972	R-4	R-4	frames	73	74	67	63	60	61	361	61
225eb6e22af55972	R-4	R-4	warmup	8	8	8	8	8	8	8	8
225eb6e22af55972	R-4	R-4	off_route_pct	0.0	0.0	0.0	0.0	0.0	0.0	2.798	0.0
225eb6e22af55972	R-4	R-4	coll_vehicle	0	0	0	0	0	0	0	0
225eb6e22af55972	R-4	R-4	coll_ped	1	1	1	1	1	1	0	1
225eb6e22af55972	R-4	R-4	coll_layout	0	0	0	0	0	0	0	0
225eb6e22af55972	R-4	R-4	red_light	1	1	1	1	1	1	1	1
225eb6e22af55972	R-4	R-4	comfort	1.0	1.0	0.5	0.5	0.0	1.0	0.7647	1.0
225eb6e22af55972	R-4	R-4	route_completion	15.3085	15.6167	15.8855	15.621	14.015	14.0163	153.8453	14.0163
225eb6e22af55972	R-4	R-4	epdms	0.9067	0.9261	0.8294	0.8125	0.8702	0.9045	0.873	0.9045
225eb6e22af55972	R-4	R-4	no_at_fault_collisions	0.9846	0.9848	0.9831	0.9818	0.9808	0.9811	1.0	0.9811
225eb6e22af55972	R-4	R-4	drivable_area_compliance	1.0	1.0	1.0	1.0	1.0	1.0	0.9858	1.0
225eb6e22af55972	R-4	R-4	driving_direction_compliance	1.0	1.0	1.0	1.0	1.0	1.0	1.0	1.0
225eb6e22af55972	R-4	R-4	traffic_light_compliance	0.9846	0.9848	0.9831	0.9818	0.9808	0.9811	0.9972	0.9811
225eb6e22af55972	R-4	R-4	time_to_collision_within_bound	0.9077	0.9545	0.9661	0.9636	0.9231	0.9057	1.0	0.9057
225eb6e22af55972	R-4	R-4	lane_keeping	1.0	1.0	1.0	1.0	1.0	1.0	0.4986	1.0
225eb6e22af55972	R-4	R-4	history_comfort	1.0	1.0	0.6271	0.6	0.6923	0.9811	0.9688	0.9811
225eb6e22af55972	R-4	R-4	extended_comfort	0.6923	0.7121	0.2881	0.2182	0.6154	0.6792	0.6742	0.6792
225eb6e22af55972	R-4	R-4	ego_progress	0.4912	0.4978	0.5108	0.4978	0.4505	0.4505	0.9997	0.4505
225eb6e22af55972	R-4	R-4	collision_count	1.0	1.0	1.0	1.0	1.0	1.0	0.0	1.0
225eb6e22af55972	R-4	R-4	avg_speed	2.0974	2.1107	2.3713	2.4799	2.3362	2.2981	4.2617	2.2981
238f1cddb9415996	C-4	-	DS	100.0	100.0	100.0	100.0	100.0	100.0	100.0	100.0
238f1cddb9415996	C-4	-	success	1	1	1	1	1	1	1	1
238f1cddb9415996	C-4	-	RC_pct	100.0	100.0	100.0	100.0	100.0	100.0	100.0	100.0
238f1cddb9415996	C-4	-	penalty	1.0	1.0	1.0	1.0	1.0	1.0	1.0	1.0
238f1cddb9415996	C-4	-	termination	goal_reached	goal_reached	goal_reached	goal_reached	goal_reached	goal_reached	goal_reached	goal_reached
238f1cddb9415996	C-4	-	term_frame	207	216	213	226	380	415	421	415
238f1cddb9415996	C-4	-	detail	goal region entered	goal region entered	goal region entered	goal region entered	goal region entered	goal region entered	goal region entered	goal region entered
238f1cddb9415996	C-4	-	frames	208	217	214	227	381	416	422	416
238f1cddb9415996	C-4	-	warmup	20	20	20	20	20	20	20	20
238f1cddb9415996	C-4	-	off_route_pct	0.0	0.0	0.0	0.0	0.0	0.0	0.0	0.0
238f1cddb9415996	C-4	-	coll_vehicle	0	0	0	0	0	0	0	0
238f1cddb9415996	C-4	-	coll_ped	0	0	0	0	0	0	0	0
238f1cddb9415996	C-4	-	coll_layout	0	0	0	0	0	0	0	0
238f1cddb9415996	C-4	-	red_light	0	0	0	0	0	0	0	0
238f1cddb9415996	C-4	-	comfort	0.7778	0.7778	0.1111	0.2	0.0	0.7895	0.75	0.7895
238f1cddb9415996	C-4	-	route_completion	144.7931	144.9999	144.7065	144.8498	144.9214	144.9504	144.7964	144.9504
238f1cddb9415996	C-4	-	epdms	0.9507	0.9495	0.8651	0.8195	0.6904	0.8045	0.8188	0.8045
238f1cddb9415996	C-4	-	no_at_fault_collisions	1.0	1.0	1.0	1.0	1.0	1.0	1.0	1.0
238f1cddb9415996	C-4	-	drivable_area_compliance	1.0	1.0	1.0	1.0	1.0	1.0	1.0	1.0
238f1cddb9415996	C-4	-	driving_direction_compliance	1.0	1.0	1.0	1.0	1.0	1.0	1.0	1.0
238f1cddb9415996	C-4	-	traffic_light_compliance	1.0	1.0	1.0	1.0	1.0	1.0	1.0	1.0
238f1cddb9415996	C-4	-	time_to_collision_within_bound	1.0	1.0	1.0	1.0	1.0	1.0	1.0	1.0
238f1cddb9415996	C-4	-	lane_keeping	1.0	1.0	1.0	0.6957	0.2299	0.6465	0.6244	0.6465
238f1cddb9415996	C-4	-	history_comfort	0.984	0.9848	0.6804	0.6715	0.6343	0.9545	0.9652	0.9545
238f1cddb9415996	C-4	-	extended_comfort	0.6436	0.6599	0.2784	0.2899	0.4238	0.6641	0.6542	0.6641
238f1cddb9415996	C-4	-	ego_progress	1.0	1.0	1.0	1.0	1.0	1.0	1.0	1.0
238f1cddb9415996	C-4	-	collision_count	0.0	0.0	0.0	0.0	0.0	0.0	0.0	0.0
238f1cddb9415996	C-4	-	avg_speed	6.9991	6.7183	6.7988	6.4158	3.8244	3.5033	3.4499	3.5033
273f424fa2fc55ad	C-3	-	DS	100.0	100.0	100.0	100.0	100.0	100.0	100.0	100.0
273f424fa2fc55ad	C-3	-	success	1	1	1	1	1	1	1	1
273f424fa2fc55ad	C-3	-	RC_pct	100.0	100.0	100.0	100.0	100.0	100.0	100.0	100.0
273f424fa2fc55ad	C-3	-	penalty	1.0	1.0	1.0	1.0	1.0	1.0	1.0	1.0
273f424fa2fc55ad	C-3	-	termination	goal_reached	goal_reached	goal_reached	goal_reached	goal_reached	goal_reached	goal_reached	goal_reached
273f424fa2fc55ad	C-3	-	term_frame	352	343	360	354	378	336	336	336
273f424fa2fc55ad	C-3	-	detail	goal region entered	goal region entered	goal region entered	goal region entered	goal region entered	goal region entered	goal region entered	goal region entered
273f424fa2fc55ad	C-3	-	frames	353	344	361	355	379	337	337	337
273f424fa2fc55ad	C-3	-	warmup	20	20	20	20	20	20	20	20
273f424fa2fc55ad	C-3	-	off_route_pct	0.0	0.0	0.0	0.0	0.0	0.0	0.0	0.0
273f424fa2fc55ad	C-3	-	coll_vehicle	0	0	0	0	0	0	0	0
273f424fa2fc55ad	C-3	-	coll_ped	0	0	0	0	0	0	0	0
273f424fa2fc55ad	C-3	-	coll_layout	0	0	0	0	0	0	0	0
273f424fa2fc55ad	C-3	-	red_light	0	0	0	0	0	0	0	0
273f424fa2fc55ad	C-3	-	comfort	1.0	1.0	0.8235	0.8125	0.0	0.9333	0.9333	0.9333
273f424fa2fc55ad	C-3	-	route_completion	95.7634	95.5831	95.6822	95.5879	95.6175	95.5863	95.5863	95.5863
273f424fa2fc55ad	C-3	-	epdms	0.8491	0.8383	0.7615	0.7683	0.7418	0.8631	0.8631	0.8631
273f424fa2fc55ad	C-3	-	no_at_fault_collisions	1.0	1.0	1.0	1.0	1.0	1.0	1.0	1.0
273f424fa2fc55ad	C-3	-	drivable_area_compliance	1.0	1.0	1.0	1.0	1.0	1.0	1.0	1.0
273f424fa2fc55ad	C-3	-	driving_direction_compliance	1.0	1.0	1.0	1.0	1.0	1.0	1.0	1.0
273f424fa2fc55ad	C-3	-	traffic_light_compliance	1.0	1.0	1.0	1.0	1.0	1.0	1.0	1.0
273f424fa2fc55ad	C-3	-	time_to_collision_within_bound	1.0	1.0	1.0	1.0	1.0	1.0	1.0	1.0
273f424fa2fc55ad	C-3	-	lane_keeping	0.7267	0.6543	0.5836	0.5612	1.0	1.0	1.0	1.0
273f424fa2fc55ad	C-3	-	history_comfort	0.997	0.9969	0.8798	0.8866	0.7047	0.9937	0.9937	0.9937
273f424fa2fc55ad	C-3	-	extended_comfort	0.7748	0.7654	0.5044	0.5433	0.1393	0.6719	0.6719	0.6719
273f424fa2fc55ad	C-3	-	ego_progress	1.0	1.0	1.0	1.0	1.0	1.0	1.0	1.0
273f424fa2fc55ad	C-3	-	collision_count	0.0	0.0	0.0	0.0	0.0	0.0	0.0	0.0
273f424fa2fc55ad	C-3	-	avg_speed	2.735	2.8013	2.6722	2.7147	2.5435	2.8596	2.8596	2.8596
2bd04a0902095129	C-10	C-10	DS	22.4	22.442	54.79	46.542	31.956	22.553	29.534	22.553
2bd04a0902095129	C-10	C-10	success	0	0	0	0	0	0	0	0
2bd04a0902095129	C-10	C-10	RC_pct	23.16	23.16	57.8	48.89	34.95	23.16	30.2	23.16
2bd04a0902095129	C-10	C-10	penalty	0.967055	0.968873	0.947983	0.951889	0.914221	0.973639	0.978054	0.973639
2bd04a0902095129	C-10	C-10	termination	off_drivable	off_drivable	off_drivable	off_drivable	off_drivable	off_drivable	off_drivable	off_drivable
2bd04a0902095129	C-10	C-10	term_frame	82	82	163	142	119	122	188	122
2bd04a0902095129	C-10	C-10	detail	off drivable for 0.5 s through frame 82	off drivable for 0.5 s through frame 82	off drivable for 0.5 s through frame 163	off drivable for 0.5 s through frame 142	off drivable for 0.5 s through frame 119	off drivable for 0.5 s through frame 122	off drivable for 0.5 s through frame 188	off drivable for 0.5 s through frame 122
2bd04a0902095129	C-10	C-10	frames	83	83	164	143	120	123	189	123
2bd04a0902095129	C-10	C-10	warmup	20	20	20	20	20	20	20	20
2bd04a0902095129	C-10	C-10	off_route_pct	3.295	3.113	5.202	4.811	8.578	2.636	2.195	2.636
2bd04a0902095129	C-10	C-10	coll_vehicle	0	0	0	0	0	0	0	0
2bd04a0902095129	C-10	C-10	coll_ped	0	0	0	0	0	0	0	0
2bd04a0902095129	C-10	C-10	coll_layout	0	0	0	0	0	0	0	0
2bd04a0902095129	C-10	C-10	red_light	0	0	0	0	0	0	0	0
2bd04a0902095129	C-10	C-10	comfort	1.0	1.0	0.4286	0.3333	0.0	1.0	1.0	1.0
2bd04a0902095129	C-10	C-10	route_completion	33.7004	33.7704	80.4466	67.226	48.9077	33.676	42.4477	33.676
2bd04a0902095129	C-10	C-10	epdms	0.8065	0.8175	0.7204	0.731	0.7185	0.753	0.7356	0.753
2bd04a0902095129	C-10	C-10	no_at_fault_collisions	1.0	1.0	1.0	1.0	1.0	1.0	1.0	1.0
2bd04a0902095129	C-10	C-10	drivable_area_compliance	0.9206	0.9206	0.9653	0.9593	0.95	0.9515	0.9704	0.9515
2bd04a0902095129	C-10	C-10	driving_direction_compliance	1.0	1.0	1.0	1.0	1.0	1.0	1.0	1.0
2bd04a0902095129	C-10	C-10	traffic_light_compliance	1.0	1.0	1.0	1.0	1.0	1.0	1.0	1.0
2bd04a0902095129	C-10	C-10	time_to_collision_within_bound	1.0	1.0	1.0	1.0	1.0	1.0	1.0	1.0
2bd04a0902095129	C-10	C-10	lane_keeping	1.0	1.0	0.6875	0.7967	0.95	0.8835	0.9763	0.8835
2bd04a0902095129	C-10	C-10	history_comfort	1.0	1.0	0.6875	0.6667	0.67	0.9806	0.9822	0.9806
2bd04a0902095129	C-10	C-10	extended_comfort	0.6667	0.746	0.3264	0.2683	0.49	0.7184	0.6923	0.7184
2bd04a0902095129	C-10	C-10	ego_progress	0.1564	0.1564	0.5346	0.4374	0.2852	0.1564	0.2332	0.1564
2bd04a0902095129	C-10	C-10	collision_count	0.0	0.0	0.0	0.0	0.0	0.0	0.0	0.0
2bd04a0902095129	C-10	C-10	avg_speed	4.1323	4.1407	4.9417	4.7429	4.1254	2.7865	2.2775	2.7865
32d85d373126537e	V-11	V-11	DS	20.807	20.382	14.267	15.148	33.65	11.445	8.994	11.445
32d85d373126537e	V-11	V-11	success	0	0	0	0	0	0	0	0
32d85d373126537e	V-11	V-11	RC_pct	34.68	33.97	33.97	36.07	48.52	27.25	21.41	27.25
32d85d373126537e	V-11	V-11	penalty	0.6	0.6	0.42	0.42	0.693577	0.42	0.42	0.42
32d85d373126537e	V-11	V-11	termination	contact_at_fault	contact_at_fault	contact_at_fault	contact_at_fault	off_drivable	contact_at_fault	contact_at_fault	contact_at_fault
32d85d373126537e	V-11	V-11	term_frame	84	85	85	84	110	59	58	59
32d85d373126537e	V-11	V-11	detail	front with 24b04352f230540d	front with 24b04352f230540d	front with 24b04352f230540d	front with 24b04352f230540d	off drivable for 0.5 s through frame 110	front with 80dd16995968557b	front with 80dd16995968557b	front with 80dd16995968557b
32d85d373126537e	V-11	V-11	frames	85	86	86	85	111	60	59	60
32d85d373126537e	V-11	V-11	warmup	20	20	20	20	20	20	20	20
32d85d373126537e	V-11	V-11	off_route_pct	0.0	0.0	0.0	0.0	0.918	0.0	0.0	0.0
32d85d373126537e	V-11	V-11	coll_vehicle	1	1	1	1	0	1	1	1
32d85d373126537e	V-11	V-11	coll_ped	0	0	0	0	0	0	0	0
32d85d373126537e	V-11	V-11	coll_layout	0	0	0	0	0	0	0	0
32d85d373126537e	V-11	V-11	red_light	0	0	1	1	1	1	1	1
32d85d373126537e	V-11	V-11	comfort	1.0	1.0	0.0	0.0	0.0	1.0	1.0	1.0
32d85d373126537e	V-11	V-11	route_completion	16.86	16.4251	16.154	17.271	32.078	13.1004	12.5133	13.1004
32d85d373126537e	V-11	V-11	epdms	0.9183	0.9072	0.804	0.7962	0.7912	0.9	0.875	0.9
32d85d373126537e	V-11	V-11	no_at_fault_collisions	0.9846	0.9848	0.9848	0.9846	1.0	0.975	0.9744	0.975
32d85d373126537e	V-11	V-11	drivable_area_compliance	1.0	1.0	1.0	1.0	0.9451	1.0	1.0	1.0
32d85d373126537e	V-11	V-11	driving_direction_compliance	1.0	1.0	1.0	1.0	1.0	1.0	1.0	1.0
32d85d373126537e	V-11	V-11	traffic_light_compliance	1.0	1.0	0.9848	0.9846	0.989	0.975	0.9744	0.975
32d85d373126537e	V-11	V-11	time_to_collision_within_bound	0.8769	0.8636	0.8485	0.8308	1.0	0.975	0.9231	0.975
32d85d373126537e	V-11	V-11	lane_keeping	1.0	1.0	1.0	1.0	0.7143	1.0	1.0	1.0
32d85d373126537e	V-11	V-11	history_comfort	0.9846	0.9848	0.6212	0.6615	0.5824	0.975	0.9487	0.975
32d85d373126537e	V-11	V-11	extended_comfort	0.7538	0.6818	0.3333	0.3077	0.4505	0.625	0.5897	0.625
32d85d373126537e	V-11	V-11	ego_progress	0.3441	0.337	0.337	0.358	0.4828	0.2696	0.2116	0.2696
32d85d373126537e	V-11	V-11	collision_count	1.0	1.0	1.0	1.0	0.0	1.0	1.0	1.0
32d85d373126537e	V-11	V-11	avg_speed	1.9835	1.9099	1.8784	2.0319	2.8899	2.1834	2.1209	2.1834
3a5278b27c87565f	V-9	-	DS	100.0	100.0	100.0	100.0	79.953	100.0	100.0	100.0
3a5278b27c87565f	V-9	-	success	1	1	1	1	0	1	1	1
3a5278b27c87565f	V-9	-	RC_pct	100.0	100.0	100.0	100.0	80.18	100.0	100.0	100.0
3a5278b27c87565f	V-9	-	penalty	1.0	1.0	1.0	1.0	0.997219	1.0	1.0	1.0
3a5278b27c87565f	V-9	-	termination	goal_reached	goal_reached	goal_reached	goal_reached	off_drivable	goal_reached	goal_reached	goal_reached
3a5278b27c87565f	V-9	-	term_frame	318	354	278	268	237	265	273	265
3a5278b27c87565f	V-9	-	detail	goal region entered	goal region entered	goal region entered	goal region entered	off drivable for 0.5 s through frame 237	goal region entered	goal region entered	goal region entered
3a5278b27c87565f	V-9	-	frames	319	355	279	269	238	266	274	266
3a5278b27c87565f	V-9	-	warmup	20	20	20	20	20	20	20	20
3a5278b27c87565f	V-9	-	off_route_pct	0.0	0.0	0.0	0.0	0.278	0.0	0.0	0.0
3a5278b27c87565f	V-9	-	coll_vehicle	0	0	0	0	0	0	0	0
3a5278b27c87565f	V-9	-	coll_ped	0	0	0	0	0	0	0	0
3a5278b27c87565f	V-9	-	coll_layout	0	0	0	0	0	0	0	0
3a5278b27c87565f	V-9	-	red_light	0	0	0	0	0	0	0	0
3a5278b27c87565f	V-9	-	comfort	0.7143	0.6875	0.0833	0.0	0.0	0.9167	0.8333	0.9167
3a5278b27c87565f	V-9	-	route_completion	107.9693	107.7134	108.3166	107.7076	88.1361	107.9512	107.6976	107.9512
3a5278b27c87565f	V-9	-	epdms	0.8595	0.8694	0.7853	0.7716	0.7848	0.8672	0.8528	0.8672
3a5278b27c87565f	V-9	-	no_at_fault_collisions	1.0	1.0	1.0	1.0	1.0	1.0	1.0	1.0
3a5278b27c87565f	V-9	-	drivable_area_compliance	1.0	1.0	1.0	1.0	0.9771	1.0	1.0	1.0
3a5278b27c87565f	V-9	-	driving_direction_compliance	1.0	1.0	1.0	1.0	1.0	1.0	1.0	1.0
3a5278b27c87565f	V-9	-	traffic_light_compliance	1.0	1.0	1.0	1.0	1.0	1.0	1.0	1.0
3a5278b27c87565f	V-9	-	time_to_collision_within_bound	1.0	1.0	1.0	1.0	1.0	1.0	1.0	1.0
3a5278b27c87565f	V-9	-	lane_keeping	0.9431	0.9791	0.834	0.7068	0.9312	0.9553	0.7126	0.9553
3a5278b27c87565f	V-9	-	history_comfort	0.9766	0.9672	0.6525	0.6586	0.6193	0.9715	0.9646	0.9715
3a5278b27c87565f	V-9	-	extended_comfort	0.6856	0.6687	0.3514	0.3614	0.5229	0.6585	0.6732	0.6585
3a5278b27c87565f	V-9	-	ego_progress	1.0	1.0	1.0	1.0	0.8011	1.0	1.0	1.0
3a5278b27c87565f	V-9	-	collision_count	0.0	0.0	0.0	0.0	0.0	0.0	0.0	0.0
3a5278b27c87565f	V-9	-	avg_speed	3.3846	3.0342	3.8823	4.004	3.7032	4.0583	3.9306	4.0583
3d324bda0cec57ab	V-2	-	DS	100.0	24.438	100.0	100.0	53.059	100.0	100.0	100.0
3d324bda0cec57ab	V-2	-	success	1	0	1	1	0	1	1	1
3d324bda0cec57ab	V-2	-	RC_pct	100.0	40.73	100.0	100.0	88.43	100.0	100.0	100.0
3d324bda0cec57ab	V-2	-	penalty	1.0	0.6	1.0	1.0	0.6	1.0	1.0	1.0
3d324bda0cec57ab	V-2	-	termination	goal_reached	contact_at_fault	goal_reached	goal_reached	contact_at_fault	goal_reached	goal_reached	goal_reached
3d324bda0cec57ab	V-2	-	term_frame	219	77	222	232	243	276	242	276
3d324bda0cec57ab	V-2	-	detail	goal region entered	front with 924ac4bac5205fd1	goal region entered	goal region entered	front with c0f447221a555e69	goal region entered	goal region entered	goal region entered
3d324bda0cec57ab	V-2	-	frames	220	78	223	233	244	277	243	277
3d324bda0cec57ab	V-2	-	warmup	20	20	20	20	20	20	20	20
3d324bda0cec57ab	V-2	-	off_route_pct	0.0	0.0	0.0	0.0	0.0	0.0	0.0	0.0
3d324bda0cec57ab	V-2	-	coll_vehicle	0	1	0	0	1	0	0	0
3d324bda0cec57ab	V-2	-	coll_ped	0	0	0	0	0	0	0	0
3d324bda0cec57ab	V-2	-	coll_layout	0	0	0	0	0	0	0	0
3d324bda0cec57ab	V-2	-	red_light	0	0	0	0	0	0	0	0
3d324bda0cec57ab	V-2	-	comfort	0.8	1.0	0.0	0.0	0.0	0.9167	0.5455	0.9167
3d324bda0cec57ab	V-2	-	route_completion	100.6542	41.303	100.6253	100.5132	90.7819	100.5423	100.5249	100.5423
3d324bda0cec57ab	V-2	-	epdms	0.7738	0.7756	0.7467	0.7443	0.6525	0.7482	0.8051	0.7482
3d324bda0cec57ab	V-2	-	no_at_fault_collisions	1.0	0.9828	1.0	1.0	0.9955	1.0	1.0	1.0
3d324bda0cec57ab	V-2	-	drivable_area_compliance	1.0	1.0	1.0	1.0	1.0	1.0	1.0	1.0
3d324bda0cec57ab	V-2	-	driving_direction_compliance	1.0	1.0	1.0	1.0	1.0	1.0	1.0	1.0
3d324bda0cec57ab	V-2	-	traffic_light_compliance	1.0	1.0	1.0	1.0	1.0	1.0	1.0	1.0
3d324bda0cec57ab	V-2	-	time_to_collision_within_bound	0.975	0.7759	1.0	0.9906	0.933	1.0	0.9955	1.0
3d324bda0cec57ab	V-2	-	lane_keeping	0.2	0.6897	0.5517	0.6009	0.2902	0.1984	0.6457	0.1984
3d324bda0cec57ab	V-2	-	history_comfort	0.975	1.0	0.6798	0.6432	0.6384	0.9611	0.9552	0.9611
3d324bda0cec57ab	V-2	-	extended_comfort	0.64	0.6724	0.2956	0.2864	0.4241	0.6265	0.6368	0.6265
3d324bda0cec57ab	V-2	-	ego_progress	1.0	0.3215	1.0	1.0	0.8617	1.0	1.0	1.0
3d324bda0cec57ab	V-2	-	collision_count	0.0	1.0	0.0	0.0	1.0	0.0	0.0	0.0
3d324bda0cec57ab	V-2	-	avg_speed	4.6018	5.3703	4.5386	4.339	3.7445	3.6508	4.1609	3.6508
42af8e33480d53b3	V-1	-	DS	9.65	9.694	9.867	9.841	100.0	17.887	10.279	17.887
42af8e33480d53b3	V-1	-	success	0	0	0	0	1	0	0	0
42af8e33480d53b3	V-1	-	RC_pct	12.21	12.21	12.61	12.61	100.0	20.57	12.21	20.57
42af8e33480d53b3	V-1	-	penalty	0.790168	0.793825	0.782499	0.780496	1.0	0.869418	0.841687	0.869418
42af8e33480d53b3	V-1	-	termination	off_drivable	off_drivable	off_drivable	off_drivable	goal_reached	off_drivable	off_drivable	off_drivable
42af8e33480d53b3	V-1	-	term_frame	40	40	39	39	288	66	44	66
42af8e33480d53b3	V-1	-	detail	off drivable for 0.5 s through frame 40	off drivable for 0.5 s through frame 40	off drivable for 0.5 s through frame 39	off drivable for 0.5 s through frame 39	goal region entered	off drivable for 0.5 s through frame 66	off drivable for 0.5 s through frame 44	off drivable for 0.5 s through frame 66
42af8e33480d53b3	V-1	-	frames	41	41	40	40	289	67	45	67
42af8e33480d53b3	V-1	-	warmup	20	20	20	20	20	20	20	20
42af8e33480d53b3	V-1	-	off_route_pct	20.983	20.618	21.75	21.95	0.0	13.058	15.831	13.058
42af8e33480d53b3	V-1	-	coll_vehicle	0	0	0	0	0	0	0	0
42af8e33480d53b3	V-1	-	coll_ped	0	0	0	0	0	0	0	0
42af8e33480d53b3	V-1	-	coll_layout	0	0	0	0	0	0	0	0
42af8e33480d53b3	V-1	-	red_light	0	0	0	0	0	0	0	0
42af8e33480d53b3	V-1	-	comfort	1.0	1.0	0.0	0.0	0.2308	1.0	1.0	1.0
42af8e33480d53b3	V-1	-	route_completion	21.8411	21.7865	22.477	22.4926	180.9534	38.4226	22.0491	38.4226
42af8e33480d53b3	V-1	-	epdms	0.7143	0.7083	0.6438	0.6438	0.8489	0.802	0.7356	0.802
42af8e33480d53b3	V-1	-	no_at_fault_collisions	1.0	1.0	1.0	1.0	1.0	1.0	1.0	1.0
42af8e33480d53b3	V-1	-	drivable_area_compliance	0.7619	0.7619	0.75	0.75	1.0	0.8298	0.8	0.8298
42af8e33480d53b3	V-1	-	driving_direction_compliance	1.0	1.0	1.0	1.0	1.0	1.0	1.0	1.0
42af8e33480d53b3	V-1	-	traffic_light_compliance	1.0	1.0	1.0	1.0	1.0	1.0	1.0	1.0
42af8e33480d53b3	V-1	-	time_to_collision_within_bound	1.0	1.0	1.0	1.0	1.0	1.0	1.0	1.0
42af8e33480d53b3	V-1	-	lane_keeping	1.0	1.0	1.0	1.0	0.9554	1.0	1.0	1.0
42af8e33480d53b3	V-1	-	history_comfort	0.9524	0.9048	0.55	0.55	0.6654	0.9787	0.96	0.9787
42af8e33480d53b3	V-1	-	extended_comfort	0.5714	0.5714	0.2	0.2	0.4387	0.8936	0.68	0.8936
42af8e33480d53b3	V-1	-	ego_progress	0.0718	0.0718	0.0759	0.0759	1.0	0.1598	0.0718	0.1598
42af8e33480d53b3	V-1	-	collision_count	0.0	0.0	0.0	0.0	0.0	0.0	0.0	0.0
42af8e33480d53b3	V-1	-	avg_speed	5.4066	5.3933	5.7008	5.7047	6.2726	5.7834	4.9723	5.7834
58d69daf413c5d5a	C-5	-	DS	31.949	31.949	24.584	30.252	100.0	31.5	25.019	31.5
58d69daf413c5d5a	C-5	-	success	0	0	0	0	1	0	0	0
58d69daf413c5d5a	C-5	-	RC_pct	31.95	31.95	40.97	30.25	100.0	33.66	25.02	33.66
58d69daf413c5d5a	C-5	-	penalty	1.0	1.0	0.6	1.0	1.0	0.935862	1.0	0.935862
58d69daf413c5d5a	C-5	-	termination	off_drivable	off_drivable	contact_at_fault	off_drivable	goal_reached	off_drivable	deadlock	off_drivable
58d69daf413c5d5a	C-5	-	term_frame	111	108	58	123	151	123	122	123
58d69daf413c5d5a	C-5	-	detail	off drivable for 0.5 s through frame 111	off drivable for 0.5 s through frame 108	front with 96f4221cfece50b8	off drivable for 0.5 s through frame 123	goal region entered	off drivable for 0.5 s through frame 123	evaluator ended the episode: deadlock (post-hoc trace read as trace_exhausted)	off drivable for 0.5 s through frame 123
58d69daf413c5d5a	C-5	-	frames	112	109	59	124	152	124	123	124
58d69daf413c5d5a	C-5	-	warmup	20	20	20	20	20	20	20	20
58d69daf413c5d5a	C-5	-	off_route_pct	0.0	0.0	0.0	0.0	0.0	6.414	0.0	6.414
58d69daf413c5d5a	C-5	-	coll_vehicle	0	0	1	0	0	0	0	0
58d69daf413c5d5a	C-5	-	coll_ped	0	0	0	0	0	0	0	0
58d69daf413c5d5a	C-5	-	coll_layout	0	0	0	0	0	0	0	0
58d69daf413c5d5a	C-5	-	red_light	0	0	0	0	0	0	0	0
58d69daf413c5d5a	C-5	-	comfort	1.0	0.75	1.0	0.2	0.1667	0.6	0.8	0.6
58d69daf413c5d5a	C-5	-	route_completion	14.9976	14.9581	18.4271	15.1734	44.3342	20.774	11.5398	20.774
58d69daf413c5d5a	C-5	-	epdms	0.7535	0.717	0.7457	0.6213	0.7763	0.7326	0.8005	0.7326
58d69daf413c5d5a	C-5	-	no_at_fault_collisions	1.0	1.0	0.9744	1.0	1.0	1.0	1.0	1.0
58d69daf413c5d5a	C-5	-	drivable_area_compliance	0.9457	0.9438	1.0	0.9519	1.0	0.9519	1.0	0.9519
58d69daf413c5d5a	C-5	-	driving_direction_compliance	1.0	1.0	1.0	1.0	1.0	1.0	1.0	1.0
58d69daf413c5d5a	C-5	-	traffic_light_compliance	1.0	1.0	1.0	1.0	1.0	1.0	1.0	1.0
58d69daf413c5d5a	C-5	-	time_to_collision_within_bound	1.0	1.0	0.7179	1.0	1.0	1.0	1.0	1.0
58d69daf413c5d5a	C-5	-	lane_keeping	0.7065	0.5281	1.0	0.5769	0.7727	0.9231	1.0	0.9231
58d69daf413c5d5a	C-5	-	history_comfort	0.9891	0.9888	0.7692	0.7404	0.7576	0.9808	1.0	0.9808
58d69daf413c5d5a	C-5	-	extended_comfort	0.8043	0.6966	0.2564	0.25	0.5	0.7212	0.9029	0.7212
58d69daf413c5d5a	C-5	-	ego_progress	0.1969	0.1969	0.3023	0.177	1.0	0.2168	0.1158	0.2168
58d69daf413c5d5a	C-5	-	collision_count	0.0	0.0	1.0	0.0	0.0	0.0	0.0	0.0
58d69daf413c5d5a	C-5	-	avg_speed	1.3757	1.41	3.1928	1.2568	2.9437	1.7084	0.9716	1.7084
5ac972b34e2e5614	C-8	-	DS	63.764	63.764	100.0	100.0	100.0	100.0	100.0	100.0
5ac972b34e2e5614	C-8	-	success	0	0	1	1	1	1	1	1
5ac972b34e2e5614	C-8	-	RC_pct	63.76	63.76	100.0	100.0	100.0	100.0	100.0	100.0
5ac972b34e2e5614	C-8	-	penalty	1.0	1.0	1.0	1.0	1.0	1.0	1.0	1.0
5ac972b34e2e5614	C-8	-	termination	deadlock	deadlock	goal_reached	goal_reached	goal_reached	goal_reached	goal_reached	goal_reached
5ac972b34e2e5614	C-8	-	term_frame	308	283	150	133	169	152	141	152
5ac972b34e2e5614	C-8	-	detail	< 0.1 m/s for 5 s	evaluator ended the episode: deadlock (post-hoc trace read as trace_exhausted)	goal region entered	goal region entered	goal region entered	goal region entered	goal region entered	goal region entered
5ac972b34e2e5614	C-8	-	frames	309	284	151	134	170	153	142	153
5ac972b34e2e5614	C-8	-	warmup	20	20	20	20	20	20	20	20
5ac972b34e2e5614	C-8	-	off_route_pct	0.0	0.0	0.0	0.0	0.0	0.0	0.0	0.0
5ac972b34e2e5614	C-8	-	coll_vehicle	0	0	0	0	0	0	0	0
5ac972b34e2e5614	C-8	-	coll_ped	0	0	0	0	0	0	0	0
5ac972b34e2e5614	C-8	-	coll_layout	0	0	0	0	0	0	0	0
5ac972b34e2e5614	C-8	-	red_light	0	0	0	0	0	0	0	0
5ac972b34e2e5614	C-8	-	comfort	1.0	1.0	0.1667	0.4	0.0	1.0	1.0	1.0
5ac972b34e2e5614	C-8	-	route_completion	25.9327	25.8248	38.9593	38.918	38.9112	38.7638	38.8054	38.7638
5ac972b34e2e5614	C-8	-	epdms	0.8124	0.8197	0.8237	0.8104	0.7935	0.8968	0.9138	0.8968
5ac972b34e2e5614	C-8	-	no_at_fault_collisions	1.0	1.0	1.0	1.0	1.0	1.0	1.0	1.0
5ac972b34e2e5614	C-8	-	drivable_area_compliance	1.0	1.0	1.0	1.0	1.0	1.0	1.0	1.0
5ac972b34e2e5614	C-8	-	driving_direction_compliance	1.0	1.0	1.0	1.0	1.0	1.0	1.0	1.0
5ac972b34e2e5614	C-8	-	traffic_light_compliance	1.0	1.0	1.0	1.0	1.0	1.0	1.0	1.0
5ac972b34e2e5614	C-8	-	time_to_collision_within_bound	1.0	1.0	1.0	1.0	1.0	1.0	1.0	1.0
5ac972b34e2e5614	C-8	-	lane_keeping	0.1938	0.2083	0.5267	0.5789	0.54	0.5263	0.6721	0.5263
5ac972b34e2e5614	C-8	-	history_comfort	1.0	1.0	0.7252	0.7281	0.7267	0.985	1.0	0.985
5ac972b34e2e5614	C-8	-	extended_comfort	0.8616	0.8447	0.3893	0.2368	0.1667	0.6992	0.6721	0.6992
5ac972b34e2e5614	C-8	-	ego_progress	0.5381	0.5381	1.0	1.0	1.0	1.0	1.0	1.0
5ac972b34e2e5614	C-8	-	collision_count	0.0	0.0	0.0	0.0	0.0	0.0	0.0	0.0
5ac972b34e2e5614	C-8	-	avg_speed	0.8552	0.9267	2.6127	2.9411	2.3179	2.5658	2.7675	2.5658
63c145828c3b5fd8	V-10	V-10	DS	73.594	69.867	100.0	100.0	100.0	23.3	100.0	23.3
63c145828c3b5fd8	V-10	V-10	success	0	0	1	1	1	0	1	0
63c145828c3b5fd8	V-10	V-10	RC_pct	74.02	70.1	100.0	100.0	100.0	23.3	100.0	23.3
63c145828c3b5fd8	V-10	V-10	penalty	0.994213	0.996664	1.0	1.0	1.0	1.0	1.0	1.0
63c145828c3b5fd8	V-10	V-10	termination	off_drivable	off_drivable	goal_reached	goal_reached	goal_reached	contact_not_at_fault	goal_reached	contact_not_at_fault
63c145828c3b5fd8	V-10	V-10	term_frame	90	104	69	67	67	25	70	25
63c145828c3b5fd8	V-10	V-10	detail	off drivable for 0.5 s through frame 90	off drivable for 0.5 s through frame 104	goal region entered	goal region entered	goal region entered	rear_end with navsafe_mainline_vehicle	goal region entered	rear_end with navsafe_mainline_vehicle
63c145828c3b5fd8	V-10	V-10	frames	91	105	70	68	68	26	71	26
63c145828c3b5fd8	V-10	V-10	warmup	8	8	8	8	8	8	8	8
63c145828c3b5fd8	V-10	V-10	off_route_pct	0.579	0.334	0.0	0.0	0.0	0.0	0.0	0.0
63c145828c3b5fd8	V-10	V-10	coll_vehicle	0	0	0	0	0	0	0	0
63c145828c3b5fd8	V-10	V-10	coll_ped	0	0	0	0	0	0	0	0
63c145828c3b5fd8	V-10	V-10	coll_layout	0	0	0	0	0	0	0	0
63c145828c3b5fd8	V-10	V-10	red_light	0	0	0	0	0	0	0	0
63c145828c3b5fd8	V-10	V-10	comfort	1.0	1.0	0.3333	0.3333	0.0	1.0	1.0	1.0
63c145828c3b5fd8	V-10	V-10	route_completion	18.8407	18.0211	22.3677	22.3556	22.3677	5.4133	22.5692	5.4133
63c145828c3b5fd8	V-10	V-10	epdms	0.8501	0.8392	0.8185	0.8187	0.8479	0.9514	0.9246	0.9514
63c145828c3b5fd8	V-10	V-10	no_at_fault_collisions	1.0	1.0	1.0	1.0	1.0	1.0	1.0	1.0
63c145828c3b5fd8	V-10	V-10	drivable_area_compliance	0.9398	0.9485	1.0	1.0	1.0	1.0	1.0	1.0
63c145828c3b5fd8	V-10	V-10	driving_direction_compliance	1.0	1.0	1.0	1.0	1.0	1.0	1.0	1.0
63c145828c3b5fd8	V-10	V-10	traffic_light_compliance	1.0	1.0	1.0	1.0	1.0	1.0	1.0	1.0
63c145828c3b5fd8	V-10	V-10	time_to_collision_within_bound	1.0	1.0	1.0	1.0	1.0	1.0	1.0	1.0
63c145828c3b5fd8	V-10	V-10	lane_keeping	0.6627	0.6907	0.5968	0.6167	0.6	1.0	0.6984	1.0
63c145828c3b5fd8	V-10	V-10	history_comfort	1.0	1.0	0.7581	0.75	0.7	0.9444	1.0	0.9444
63c145828c3b5fd8	V-10	V-10	extended_comfort	0.6867	0.701	0.1935	0.1833	0.4833	0.6667	0.6984	0.6667
63c145828c3b5fd8	V-10	V-10	ego_progress	0.7243	0.6837	1.0	1.0	1.0	0.1985	1.0	0.1985
63c145828c3b5fd8	V-10	V-10	collision_count	0.0	0.0	0.0	0.0	0.0	1.0	0.0	1.0
63c145828c3b5fd8	V-10	V-10	avg_speed	2.0757	1.7209	3.2022	3.2946	3.2964	2.1005	3.1855	2.1005
6704953640e55b83	C-9	-	DS	13.745	13.784	100.0	100.0	100.0	100.0	100.0	100.0
6704953640e55b83	C-9	-	success	0	0	1	1	1	1	1	1
6704953640e55b83	C-9	-	RC_pct	13.8	13.8	100.0	100.0	100.0	100.0	100.0	100.0
6704953640e55b83	C-9	-	penalty	0.996367	0.99921	1.0	1.0	1.0	1.0	1.0	1.0
6704953640e55b83	C-9	-	termination	off_drivable	off_drivable	goal_reached	goal_reached	goal_reached	goal_reached	goal_reached	goal_reached
6704953640e55b83	C-9	-	term_frame	68	70	227	213	228	267	267	267
6704953640e55b83	C-9	-	detail	off drivable for 0.5 s through frame 68	off drivable for 0.5 s through frame 70	goal region entered	goal region entered	goal region entered	goal region entered	goal region entered	goal region entered
6704953640e55b83	C-9	-	frames	69	71	228	214	229	268	268	268
6704953640e55b83	C-9	-	warmup	20	20	20	20	20	20	20	20
6704953640e55b83	C-9	-	off_route_pct	0.363	0.079	0.0	0.0	0.0	0.0	0.0	0.0
6704953640e55b83	C-9	-	coll_vehicle	0	0	0	0	0	0	0	0
6704953640e55b83	C-9	-	coll_ped	0	0	0	0	0	0	0	0
6704953640e55b83	C-9	-	coll_layout	0	0	0	0	0	0	0	0
6704953640e55b83	C-9	-	red_light	0	0	0	0	0	0	0	0
6704953640e55b83	C-9	-	comfort	0.5	0.5	0.0	0.0	0.1	0.9167	0.9167	0.9167
6704953640e55b83	C-9	-	route_completion	15.3772	15.2898	102.224	101.8883	100.8837	102.0274	102.0274	102.0274
6704953640e55b83	C-9	-	epdms	0.7265	0.7504	0.7552	0.7627	0.8083	0.8278	0.8278	0.8278
6704953640e55b83	C-9	-	no_at_fault_collisions	1.0	1.0	1.0	1.0	1.0	1.0	1.0	1.0
6704953640e55b83	C-9	-	drivable_area_compliance	0.898	0.902	1.0	1.0	1.0	1.0	1.0	1.0
6704953640e55b83	C-9	-	driving_direction_compliance	1.0	1.0	1.0	1.0	1.0	1.0	1.0	1.0
6704953640e55b83	C-9	-	traffic_light_compliance	1.0	1.0	1.0	1.0	1.0	1.0	1.0	1.0
6704953640e55b83	C-9	-	time_to_collision_within_bound	1.0	1.0	1.0	1.0	1.0	1.0	1.0	1.0
6704953640e55b83	C-9	-	lane_keeping	0.7755	0.9412	0.6442	0.6856	0.7656	0.6613	0.6613	0.6613
6704953640e55b83	C-9	-	history_comfort	0.9592	0.9608	0.6779	0.6598	0.689	0.9677	0.9677	0.9677
6704953640e55b83	C-9	-	extended_comfort	0.5918	0.6275	0.226	0.2474	0.4019	0.6815	0.6815	0.6815
6704953640e55b83	C-9	-	ego_progress	0.0931	0.0931	1.0	1.0	1.0	1.0	1.0	1.0
6704953640e55b83	C-9	-	collision_count	0.0	0.0	0.0	0.0	0.0	0.0	0.0	0.0
6704953640e55b83	C-9	-	avg_speed	2.2434	2.1679	4.488	4.7659	4.4099	3.8108	3.8108	3.8108
6fc91bf02f225d1b	I-1	-	DS	100.0	100.0	100.0	100.0	100.0	100.0	100.0	100.0
6fc91bf02f225d1b	I-1	-	success	1	1	1	1	1	1	1	1
6fc91bf02f225d1b	I-1	-	RC_pct	100.0	100.0	100.0	100.0	100.0	100.0	100.0	100.0
6fc91bf02f225d1b	I-1	-	penalty	1.0	1.0	1.0	1.0	1.0	1.0	1.0	1.0
6fc91bf02f225d1b	I-1	-	termination	goal_reached	goal_reached	goal_reached	goal_reached	goal_reached	goal_reached	goal_reached	goal_reached
6fc91bf02f225d1b	I-1	-	term_frame	541	558	480	481	606	551	551	551
6fc91bf02f225d1b	I-1	-	detail	goal region entered	goal region entered	goal region entered	goal region entered	goal region entered	goal region entered	goal region entered	goal region entered
6fc91bf02f225d1b	I-1	-	frames	542	559	481	482	607	552	552	552
6fc91bf02f225d1b	I-1	-	warmup	20	20	20	20	20	20	20	20
6fc91bf02f225d1b	I-1	-	off_route_pct	0.0	0.0	0.0	0.0	0.0	0.0	0.0	0.0
6fc91bf02f225d1b	I-1	-	coll_vehicle	0	0	0	0	0	0	0	0
6fc91bf02f225d1b	I-1	-	coll_ped	0	0	0	0	0	0	0	0
6fc91bf02f225d1b	I-1	-	coll_layout	0	0	0	0	0	0	0	0
6fc91bf02f225d1b	I-1	-	red_light	0	0	0	0	0	0	0	0
6fc91bf02f225d1b	I-1	-	comfort	0.9615	0.9615	0.2609	0.3478	0.0	0.9231	0.9231	0.9231
6fc91bf02f225d1b	I-1	-	route_completion	186.4392	186.5558	186.5583	186.7222	186.4111	186.6016	186.6016	186.6016
6fc91bf02f225d1b	I-1	-	epdms	0.7582	0.7552	0.6838	0.7274	0.7647	0.8415	0.8415	0.8415
6fc91bf02f225d1b	I-1	-	no_at_fault_collisions	1.0	1.0	1.0	1.0	1.0	1.0	1.0	1.0
6fc91bf02f225d1b	I-1	-	drivable_area_compliance	1.0	1.0	1.0	1.0	1.0	1.0	1.0	1.0
6fc91bf02f225d1b	I-1	-	driving_direction_compliance	1.0	1.0	1.0	1.0	1.0	1.0	1.0	1.0
6fc91bf02f225d1b	I-1	-	traffic_light_compliance	1.0	1.0	1.0	1.0	1.0	1.0	1.0	1.0
6fc91bf02f225d1b	I-1	-	time_to_collision_within_bound	1.0	1.0	1.0	1.0	1.0	1.0	1.0	1.0
6fc91bf02f225d1b	I-1	-	lane_keeping	0.1571	0.1521	0.141	0.4481	1.0	0.8064	0.8064	0.8064
6fc91bf02f225d1b	I-1	-	history_comfort	0.9866	0.987	0.7072	0.7186	0.6934	0.985	0.985	0.985
6fc91bf02f225d1b	I-1	-	extended_comfort	0.6801	0.6586	0.3037	0.3182	0.2351	0.7049	0.7049	0.7049
6fc91bf02f225d1b	I-1	-	ego_progress	1.0	1.0	1.0	1.0	1.0	1.0	1.0	1.0
6fc91bf02f225d1b	I-1	-	collision_count	0.0	0.0	0.0	0.0	0.0	0.0	0.0	0.0
6fc91bf02f225d1b	I-1	-	avg_speed	3.44	3.3375	3.8788	3.8741	3.0712	3.3806	3.3806	3.3806
84acc78da95f56d3	I-3	I-3	DS	13.869	13.869	13.869	23.115	13.869	14.411	14.411	14.411
84acc78da95f56d3	I-3	I-3	success	0	0	0	0	0	0	0	0
84acc78da95f56d3	I-3	I-3	RC_pct	23.11	23.11	23.11	23.11	23.11	24.02	24.02	24.02
84acc78da95f56d3	I-3	I-3	penalty	0.6	0.6	0.6	1.0	0.6	0.6	0.6	0.6
84acc78da95f56d3	I-3	I-3	termination	contact_at_fault	contact_at_fault	contact_at_fault	contact_not_at_fault	contact_at_fault	contact_at_fault	contact_at_fault	contact_at_fault
84acc78da95f56d3	I-3	I-3	term_frame	65	48	167	168	69	38	34	38
84acc78da95f56d3	I-3	I-3	detail	front with navsafe_blocker_1	front with navsafe_blocker_1	front with navsafe_blocker_1	front with navsafe_blocker_1	front with navsafe_blocker_1	front with navsafe_blocker_1	front with navsafe_blocker_1	front with navsafe_blocker_1
84acc78da95f56d3	I-3	I-3	frames	66	49	168	169	70	39	35	39
84acc78da95f56d3	I-3	I-3	warmup	8	8	8	8	8	8	8	8
84acc78da95f56d3	I-3	I-3	off_route_pct	0.0	0.0	0.0	0.0	0.0	0.0	0.0	0.0
84acc78da95f56d3	I-3	I-3	coll_vehicle	1	1	1	0	1	1	1	1
84acc78da95f56d3	I-3	I-3	coll_ped	0	0	0	0	0	0	0	0
84acc78da95f56d3	I-3	I-3	coll_layout	0	0	0	0	0	0	0	0
84acc78da95f56d3	I-3	I-3	red_light	0	0	0	0	0	0	0	0
84acc78da95f56d3	I-3	I-3	comfort	0.5	0.0	0.25	0.25	0.0	0.0	1.0	0.0
84acc78da95f56d3	I-3	I-3	route_completion	24.5788	24.6072	24.7852	25.1516	24.9689	25.2706	25.389	25.2706
84acc78da95f56d3	I-3	I-3	epdms	0.7294	0.6591	0.659	0.6431	0.5698	0.6785	0.6881	0.6785
84acc78da95f56d3	I-3	I-3	no_at_fault_collisions	0.9828	0.9756	0.9938	0.9938	0.9839	0.9677	0.963	0.9677
84acc78da95f56d3	I-3	I-3	drivable_area_compliance	1.0	1.0	1.0	1.0	1.0	1.0	1.0	1.0
84acc78da95f56d3	I-3	I-3	driving_direction_compliance	1.0	1.0	1.0	1.0	1.0	1.0	1.0	1.0
84acc78da95f56d3	I-3	I-3	traffic_light_compliance	1.0	1.0	1.0	1.0	1.0	1.0	1.0	1.0
84acc78da95f56d3	I-3	I-3	time_to_collision_within_bound	0.7759	0.561	0.9313	0.9317	0.7419	0.4194	0.4444	0.4194
84acc78da95f56d3	I-3	I-3	lane_keeping	1.0	1.0	1.0	0.9379	0.8065	1.0	1.0	1.0
84acc78da95f56d3	I-3	I-3	history_comfort	0.8448	0.7561	0.7438	0.7329	0.4194	0.9032	0.8889	0.9032
84acc78da95f56d3	I-3	I-3	extended_comfort	0.7759	0.5854	0.4813	0.441	0.2903	0.6129	0.5556	0.6129
84acc78da95f56d3	I-3	I-3	ego_progress	0.1584	0.1584	0.1584	0.1584	0.1584	0.1681	0.1681	0.1681
84acc78da95f56d3	I-3	I-3	collision_count	1.0	1.0	1.0	1.0	1.0	1.0	1.0	1.0
84acc78da95f56d3	I-3	I-3	avg_speed	3.8874	5.2418	1.5395	1.552	3.721	6.756	7.562	6.756
8661a7e9b4a95042	V-6	-	DS	70.0	70.0	70.0	70.0	45.962	70.0	70.0	70.0
8661a7e9b4a95042	V-6	-	success	0	0	0	0	0	0	0	0
8661a7e9b4a95042	V-6	-	RC_pct	100.0	100.0	100.0	100.0	78.15	100.0	100.0	100.0
8661a7e9b4a95042	V-6	-	penalty	0.7	0.7	0.7	0.7	0.588099	0.7	0.7	0.7
8661a7e9b4a95042	V-6	-	termination	goal_reached	goal_reached	goal_reached	goal_reached	contact_at_fault	goal_reached	goal_reached	goal_reached
8661a7e9b4a95042	V-6	-	term_frame	231	232	226	228	333	261	261	261
8661a7e9b4a95042	V-6	-	detail	goal region entered	goal region entered	goal region entered	goal region entered	front with c9d6e4b437805954	goal region entered	goal region entered	goal region entered
8661a7e9b4a95042	V-6	-	frames	232	233	227	229	334	262	262	262
8661a7e9b4a95042	V-6	-	warmup	20	20	20	20	20	20	20	20
8661a7e9b4a95042	V-6	-	off_route_pct	0.0	0.0	0.0	0.0	1.984	0.0	0.0	0.0
8661a7e9b4a95042	V-6	-	coll_vehicle	0	0	0	0	1	0	0	0
8661a7e9b4a95042	V-6	-	coll_ped	0	0	0	0	0	0	0	0
8661a7e9b4a95042	V-6	-	coll_layout	0	0	0	0	0	0	0	0
8661a7e9b4a95042	V-6	-	red_light	1	1	1	1	0	1	1	1
8661a7e9b4a95042	V-6	-	comfort	1.0	1.0	0.5	0.4	0.0	0.9167	0.9167	0.9167
8661a7e9b4a95042	V-6	-	route_completion	120.2532	120.7429	120.7019	120.5849	97.1248	120.7284	120.7284	120.7284
8661a7e9b4a95042	V-6	-	epdms	0.925	0.9275	0.8568	0.855	0.734	0.8903	0.8903	0.8903
8661a7e9b4a95042	V-6	-	no_at_fault_collisions	1.0	1.0	1.0	1.0	0.9968	1.0	1.0	1.0
8661a7e9b4a95042	V-6	-	drivable_area_compliance	1.0	1.0	1.0	1.0	0.9841	1.0	1.0	1.0
8661a7e9b4a95042	V-6	-	driving_direction_compliance	1.0	1.0	1.0	1.0	1.0	1.0	1.0	1.0
8661a7e9b4a95042	V-6	-	traffic_light_compliance	0.9953	0.9953	0.9952	0.9952	1.0	0.9959	0.9959	0.9959
8661a7e9b4a95042	V-6	-	time_to_collision_within_bound	1.0	1.0	1.0	1.0	0.9172	1.0	1.0	1.0
8661a7e9b4a95042	V-6	-	lane_keeping	0.9387	0.9718	0.971	0.9713	0.7389	0.8554	0.8554	0.8554
8661a7e9b4a95042	V-6	-	history_comfort	0.9953	0.9953	0.7343	0.7464	0.6529	0.9793	0.9793	0.9793
8661a7e9b4a95042	V-6	-	extended_comfort	0.7217	0.7042	0.3382	0.3349	0.4268	0.6364	0.6364	0.6364
8661a7e9b4a95042	V-6	-	ego_progress	1.0	1.0	1.0	1.0	0.7784	1.0	1.0	1.0
8661a7e9b4a95042	V-6	-	collision_count	0.0	0.0	0.0	0.0	1.0	0.0	0.0	0.0
8661a7e9b4a95042	V-6	-	avg_speed	5.1857	5.1845	5.3197	5.2682	2.9096	4.6101	4.6101	4.6101
97dcc120f4695080	V-7	-	DS	100.0	100.0	100.0	100.0	24.641	100.0	100.0	100.0
97dcc120f4695080	V-7	-	success	1	1	1	1	0	1	1	1
97dcc120f4695080	V-7	-	RC_pct	100.0	100.0	100.0	100.0	27.49	100.0	100.0	100.0
97dcc120f4695080	V-7	-	penalty	1.0	1.0	1.0	1.0	0.89629	1.0	1.0	1.0
97dcc120f4695080	V-7	-	termination	goal_reached	goal_reached	goal_reached	goal_reached	off_drivable	goal_reached	goal_reached	goal_reached
97dcc120f4695080	V-7	-	term_frame	196	186	191	206	65	252	255	252
97dcc120f4695080	V-7	-	detail	goal region entered	goal region entered	goal region entered	goal region entered	off drivable for 0.5 s through frame 65	goal region entered	goal region entered	goal region entered
97dcc120f4695080	V-7	-	frames	197	187	192	207	66	253	256	253
97dcc120f4695080	V-7	-	warmup	20	20	20	20	20	20	20	20
97dcc120f4695080	V-7	-	off_route_pct	0.0	0.0	0.0	0.0	10.371	0.0	0.0	0.0
97dcc120f4695080	V-7	-	coll_vehicle	0	0	0	0	0	0	0	0
97dcc120f4695080	V-7	-	coll_ped	0	0	0	0	0	0	0	0
97dcc120f4695080	V-7	-	coll_layout	0	0	0	0	0	0	0	0
97dcc120f4695080	V-7	-	red_light	0	0	0	0	0	0	0	0
97dcc120f4695080	V-7	-	comfort	0.875	0.875	0.125	0.2222	0.0	0.6364	0.8182	0.6364
97dcc120f4695080	V-7	-	route_completion	131.383	131.3084	131.2773	131.334	36.2369	131.2733	131.6669	131.2733
97dcc120f4695080	V-7	-	epdms	0.8184	0.8178	0.7416	0.7362	0.6589	0.7693	0.7763	0.7693
97dcc120f4695080	V-7	-	no_at_fault_collisions	1.0	1.0	1.0	1.0	1.0	1.0	1.0	1.0
97dcc120f4695080	V-7	-	drivable_area_compliance	1.0	1.0	1.0	1.0	0.8913	1.0	1.0	1.0
97dcc120f4695080	V-7	-	driving_direction_compliance	1.0	1.0	1.0	1.0	1.0	1.0	1.0	1.0
97dcc120f4695080	V-7	-	traffic_light_compliance	1.0	1.0	1.0	1.0	1.0	1.0	1.0	1.0
97dcc120f4695080	V-7	-	time_to_collision_within_bound	1.0	1.0	1.0	1.0	1.0	1.0	1.0	1.0
97dcc120f4695080	V-7	-	lane_keeping	0.6271	0.6587	0.7965	0.8021	1.0	0.2876	0.2924	0.2876
97dcc120f4695080	V-7	-	history_comfort	0.9661	0.9701	0.6686	0.6203	0.4565	0.9442	0.9449	0.9442
97dcc120f4695080	V-7	-	extended_comfort	0.6836	0.6766	0.2558	0.2246	0.4783	0.6352	0.6525	0.6352
97dcc120f4695080	V-7	-	ego_progress	1.0	1.0	1.0	1.0	0.1454	1.0	1.0	1.0
97dcc120f4695080	V-7	-	collision_count	0.0	0.0	0.0	0.0	0.0	0.0	0.0	0.0
97dcc120f4695080	V-7	-	avg_speed	6.7204	7.0758	6.8899	6.3934	5.6433	5.2285	5.1826	5.2285
c41f71c68ad45f21	V-3	-	DS	100.0	100.0	100.0	100.0	100.0	100.0	100.0	100.0
c41f71c68ad45f21	V-3	-	success	1	1	1	1	1	1	1	1
c41f71c68ad45f21	V-3	-	RC_pct	100.0	100.0	100.0	100.0	100.0	100.0	100.0	100.0
c41f71c68ad45f21	V-3	-	penalty	1.0	1.0	1.0	1.0	1.0	1.0	1.0	1.0
c41f71c68ad45f21	V-3	-	termination	goal_reached	goal_reached	goal_reached	goal_reached	goal_reached	goal_reached	goal_reached	goal_reached
c41f71c68ad45f21	V-3	-	term_frame	190	197	186	159	197	222	216	222
c41f71c68ad45f21	V-3	-	detail	goal region entered	goal region entered	goal region entered	goal region entered	goal region entered	goal region entered	goal region entered	goal region entered
c41f71c68ad45f21	V-3	-	frames	191	198	187	160	198	223	217	223
c41f71c68ad45f21	V-3	-	warmup	20	20	20	20	20	20	20	20
c41f71c68ad45f21	V-3	-	off_route_pct	0.0	0.0	0.0	0.0	0.0	0.0	0.0	0.0
c41f71c68ad45f21	V-3	-	coll_vehicle	0	0	0	0	0	0	0	0
c41f71c68ad45f21	V-3	-	coll_ped	0	0	0	0	0	0	0	0
c41f71c68ad45f21	V-3	-	coll_layout	0	0	0	0	0	0	0	0
c41f71c68ad45f21	V-3	-	red_light	0	0	0	0	0	0	0	0
c41f71c68ad45f21	V-3	-	comfort	0.875	1.0	0.125	0.1429	0.0	0.9	1.0	0.9
c41f71c68ad45f21	V-3	-	route_completion	77.6377	77.9633	77.7816	77.9685	77.9306	77.705	77.7413	77.705
c41f71c68ad45f21	V-3	-	epdms	0.9052	0.8831	0.8314	0.8513	0.8136	0.9188	0.8691	0.9188
c41f71c68ad45f21	V-3	-	no_at_fault_collisions	1.0	1.0	1.0	1.0	1.0	1.0	1.0	1.0
c41f71c68ad45f21	V-3	-	drivable_area_compliance	1.0	1.0	1.0	1.0	1.0	1.0	1.0	1.0
c41f71c68ad45f21	V-3	-	driving_direction_compliance	1.0	1.0	1.0	1.0	1.0	1.0	1.0	1.0
c41f71c68ad45f21	V-3	-	traffic_light_compliance	1.0	1.0	1.0	1.0	1.0	1.0	1.0	1.0
c41f71c68ad45f21	V-3	-	time_to_collision_within_bound	1.0	1.0	1.0	1.0	1.0	1.0	1.0	1.0
c41f71c68ad45f21	V-3	-	lane_keeping	0.655	0.5618	0.8683	0.9571	0.9157	1.0	0.5939	1.0
c41f71c68ad45f21	V-3	-	history_comfort	0.9766	0.9775	0.6886	0.7	0.6461	0.9655	0.9746	0.9655
c41f71c68ad45f21	V-3	-	extended_comfort	0.6608	0.6461	0.2395	0.2143	0.3258	0.6897	0.6447	0.6897
c41f71c68ad45f21	V-3	-	ego_progress	1.0	1.0	1.0	1.0	1.0	1.0	1.0	1.0
c41f71c68ad45f21	V-3	-	collision_count	0.0	0.0	0.0	0.0	0.0	0.0	0.0	0.0
c41f71c68ad45f21	V-3	-	avg_speed	4.091	3.9628	4.1862	4.9043	3.9611	3.5069	3.6056	3.5069
f077a062ad9b55e9	C-2	-	DS	59.781	60.345	18.115	19.647	17.181	59.971	63.709	59.971
f077a062ad9b55e9	C-2	-	success	0	0	0	0	0	0	0	0
f077a062ad9b55e9	C-2	-	RC_pct	60.39	60.86	30.19	32.74	28.63	60.86	63.71	60.86
f077a062ad9b55e9	C-2	-	penalty	0.989884	0.991573	0.6	0.6	0.6	0.985431	1.0	0.985431
f077a062ad9b55e9	C-2	-	termination	off_drivable	off_drivable	contact_at_fault	contact_at_fault	contact_at_fault	off_drivable	deadlock	off_drivable
f077a062ad9b55e9	C-2	-	term_frame	359	338	67	90	96	334	459	334
f077a062ad9b55e9	C-2	-	detail	off drivable for 0.5 s through frame 359	off drivable for 0.5 s through frame 338	front with 325b42e8d7725ccc	front with 325b42e8d7725ccc	front with 325b42e8d7725ccc	off drivable for 0.5 s through frame 334	< 0.1 m/s for 5 s	off drivable for 0.5 s through frame 334
f077a062ad9b55e9	C-2	-	frames	360	339	68	91	97	335	460	335
f077a062ad9b55e9	C-2	-	warmup	20	20	20	20	20	20	20	20
f077a062ad9b55e9	C-2	-	off_route_pct	1.012	0.843	0.0	0.0	0.0	1.457	0.0	1.457
f077a062ad9b55e9	C-2	-	coll_vehicle	0	0	1	1	1	0	0	0
f077a062ad9b55e9	C-2	-	coll_ped	0	0	0	0	0	0	0	0
f077a062ad9b55e9	C-2	-	coll_layout	0	0	0	0	0	0	0	0
f077a062ad9b55e9	C-2	-	red_light	0	0	0	0	0	0	0	0
f077a062ad9b55e9	C-2	-	comfort	0.8235	0.8667	0.0	0.0	0.0	0.8667	0.9545	0.8667
f077a062ad9b55e9	C-2	-	route_completion	71.7309	73.4807	34.3704	37.2547	33.0476	71.6343	71.4643	71.6343
f077a062ad9b55e9	C-2	-	epdms	0.7551	0.7619	0.6955	0.7277	0.6735	0.7716	0.7445	0.7716
f077a062ad9b55e9	C-2	-	no_at_fault_collisions	1.0	1.0	0.9583	0.9859	0.987	1.0	1.0	1.0
f077a062ad9b55e9	C-2	-	drivable_area_compliance	0.9853	0.9843	1.0	1.0	1.0	0.9841	1.0	0.9841
f077a062ad9b55e9	C-2	-	driving_direction_compliance	1.0	1.0	1.0	1.0	1.0	1.0	1.0	1.0
f077a062ad9b55e9	C-2	-	traffic_light_compliance	1.0	1.0	1.0	1.0	1.0	1.0	1.0	1.0
f077a062ad9b55e9	C-2	-	time_to_collision_within_bound	1.0	1.0	0.7292	0.831	0.8701	0.9968	1.0	0.9968
f077a062ad9b55e9	C-2	-	lane_keeping	0.85	0.8777	1.0	0.9718	1.0	0.8762	0.5	0.8762
f077a062ad9b55e9	C-2	-	history_comfort	0.9853	0.9906	0.625	0.6338	0.7143	0.9714	0.9841	0.9714
f077a062ad9b55e9	C-2	-	extended_comfort	0.6971	0.7367	0.2083	0.2817	0.2727	0.7714	0.7977	0.7714
f077a062ad9b55e9	C-2	-	ego_progress	0.5579	0.563	0.225	0.2532	0.2078	0.563	0.5945	0.563
f077a062ad9b55e9	C-2	-	collision_count	0.0	0.0	1.0	1.0	1.0	0.0	0.0	0.0
f077a062ad9b55e9	C-2	-	avg_speed	2.0061	2.182	5.1263	4.1476	3.4573	2.1529	1.5642	2.1529
