e61e8cbd0df957f0	2021.09.16.19.49.00_veh-42_00990_01609	1631823050000322	1631823071499619	accelerating_at_crosswalk	navtest
227d62f5dfd95624	2021.09.16.19.27.01_veh-45_01749_03230	1631822416000461	1631822437500014	accelerating_at_stop_sign	navtest
2ccebcdb0da25be5	2021.08.30.13.45.25_veh-40_00610_00771	1630331860000466	1630331881500223	accelerating_at_stop_sign	navtest
81935f2cb7d45945	2021.09.16.19.49.00_veh-42_00990_01609	1631823432499849	1631823453999812	accelerating_at_stop_sign	navtest
9311d9a2409c5224	2021.09.16.19.49.00_veh-42_00990_01609	1631823364499991	1631823385999843	accelerating_at_stop_sign	navtest
00ddbc829ecb563e	2021.08.30.13.45.25_veh-40_00610_00771	1630331902000550	1630331923500178	accelerating_at_stop_sign_no_crosswalk	navtest
04f8f8b4cf0c52e7	2021.09.29.19.02.14_veh-28_00964_01689	1632943344299539	1632943365799648	accelerating_at_traffic_light	navtest
05d0a1a763fc5334	2021.08.30.13.45.25_veh-40_00878_01104	1630332082000509	1630332103500486	accelerating_at_traffic_light	navtest
0ba54149d1575f95	2021.08.30.13.45.25_veh-40_01116_01336	1630332463000574	1630332484500298	accelerating_at_traffic_light	navtest
12177b43d67d51a7	2021.09.29.19.02.14_veh-28_02451_02708	1632944803799806	1632944825299818	accelerating_at_traffic_light	navtest
134c369c82f05262	2021.09.16.19.27.01_veh-45_00472_00711	1631820997499859	1631821019000012	accelerating_at_traffic_light	navtest
1ceec301ab6552b1	2021.05.25.14.16.10_veh-35_01690_02183	1621968407001070	1621968428500417	accelerating_at_traffic_light	navtest
3123935b28265c80	2021.09.29.18.19.40_veh-28_01268_01685	1632941204599710	1632941226099754	accelerating_at_traffic_light	navtest
3ef30aa787de56fa	2021.09.09.18.29.25_veh-39_00427_00556	1631212803999809	1631212825500439	accelerating_at_traffic_light	navtest
449f88cb93fe53d8	2021.05.25.14.16.10_veh-35_01690_02183	1621968406500940	1621968428001001	accelerating_at_traffic_light	navtest
5e8d717cc46a5988	2021.09.29.19.02.14_veh-28_00964_01689	1632943526299780	1632943547799581	accelerating_at_traffic_light	navtest
3af3b3a7a8635164	2021.06.28.21.16.05_veh-14_00957_01198	1624916270999512	1624916292499406	accelerating_at_traffic_light_with_lead	navtest
fc2a5f9f60965ab9	2021.06.03.12.02.06_veh-35_00233_00609	1622736522001183	1622736543500619	accelerating_at_traffic_light_with_lead	navtest
7015bc44f34252f4	2021.09.29.19.02.14_veh-28_00964_01689	1632943298299688	1632943319799770	accelerating_at_traffic_light_without_lead	navtest
728988dc8a8b502a	2021.09.29.19.02.14_veh-28_00964_01689	1632943344799775	1632943366299636	accelerating_at_traffic_light_without_lead	navtest
9157902936a456bf	2021.06.03.13.55.17_veh-35_02572_02855	1622745696600705	1622745718100925	accelerating_at_traffic_light_without_lead	navtest
9abf3af825a35a9e	2021.09.29.18.19.40_veh-28_01268_01685	1632941205099875	1632941226599748	accelerating_at_traffic_light_without_lead	navtest
9e7ae0e0f04255fa	2021.09.29.14.44.26_veh-28_00238_00320	1632927007299775	1632927028799610	accelerating_at_traffic_light_without_lead	navtest
a0d88b07304b5398	2021.09.09.18.29.25_veh-39_00427_00556	1631212804499622	1631212826000224	accelerating_at_traffic_light_without_lead	navtest
a6b9a83019915658	2021.05.25.14.26.37_veh-27_04122_04279	1621971506899619	1621971528399589	accelerating_at_traffic_light_without_lead	navtest
a6c24c9ca7335016	2021.08.30.13.45.25_veh-40_00878_01104	1630332082500541	1630332104000384	accelerating_at_traffic_light_without_lead	navtest
b14ac3255b3b520b	2021.09.29.19.02.14_veh-28_00964_01689	1632943297799568	1632943319299785	accelerating_at_traffic_light_without_lead	navtest
b6e039ab90075f16	2021.09.29.19.02.14_veh-28_01717_01824	1632944021299701	1632944042799684	accelerating_at_traffic_light_without_lead	navtest
99a98a7ffb075389	2021.09.29.19.02.14_veh-28_00964_01689	1632943670299632	1632943691799648	behind_bike	navhard
e9c2b75226b85cfe	2021.09.29.18.19.40_veh-28_00844_01218	1632940659099617	1632940680599718	behind_bike	navhard
1c4544c0876f5a08	2021.09.29.14.44.26_veh-28_01331_01485	1632928069799617	1632928091299604	behind_bike	navtest
2133a31c391f5108	2021.09.29.14.44.26_veh-28_01331_01485	1632928070299849	1632928091799778	behind_bike	navtest
2403645ef4fe5b10	2021.09.29.14.44.26_veh-28_01331_01485	1632928070799713	1632928092299823	behind_bike	navtest
7fbe895b20a45dfb	2021.09.29.14.44.26_veh-28_01331_01485	1632928071299539	1632928092799619	behind_bike	navtest
2251b1d81d0051c1	2021.06.28.15.02.02_veh-38_02398_02848	1624895086999993	1624895108499546	behind_long_vehicle	navtest
5bd2bc00e2d358e0	2021.06.28.15.02.02_veh-38_02398_02848	1624895168999825	1624895190500396	behind_long_vehicle	navtest
64b6d412bf15576e	2021.09.16.14.39.34_veh-42_00297_00935	1631804061200038	1631804082700127	behind_pedestrian_on_driveable	navtest
ac019d81388056be	2021.09.16.14.39.34_veh-42_00297_00935	1631804060700036	1631804082200295	behind_pedestrian_on_driveable	navtest
23f0187033d658d9	2021.05.25.15.59.03_veh-30_04463_04606	1621977375100148	1621977396599702	following_lane_with_lead	navtest
9ac86ade68505597	2021.09.16.19.27.01_veh-45_00472_00711	1631821103499914	1631821125000051	following_lane_with_lead	navtest
022cc20c8dd45bc5	2021.09.29.19.02.14_veh-28_00273_00514	1632942632299669	1632942653799669	following_lane_with_slow_lead	navtest
0563edc821b6543d	2021.06.28.16.29.11_veh-38_00022_00368	1624898292299399	1624898313800241	following_lane_with_slow_lead	navtest
0af464147919575d	2021.05.25.14.16.10_veh-35_01100_01664	1621968016500456	1621968038000755	following_lane_with_slow_lead	navtest
0bc64fd1b3ff5d1a	2021.09.09.14.18.22_veh-48_00322_00895	1631198109999967	1631198131500750	following_lane_with_slow_lead	navtest
12f96c65436e56bf	2021.06.28.16.57.59_veh-26_00016_00484	1624899992998048	1624900014497282	following_lane_with_slow_lead	navtest
1786ef7edac65502	2021.06.28.20.24.43_veh-38_03385_04952	1624916898599825	1624916920099994	following_lane_with_slow_lead	navtest
1a243b05959f5787	2021.09.09.14.18.22_veh-48_00322_00895	1631198129499511	1631198151000508	following_lane_with_slow_lead	navtest
1c6e6f287c2354f1	2021.09.16.19.27.01_veh-45_00472_00711	1631821105500167	1631821126999842	following_lane_with_slow_lead	navtest
1dc437ce152e55fa	2021.09.09.17.18.51_veh-48_00574_00646	1631208661499351	1631208682999460	following_lane_with_slow_lead	navtest
20ec6765e35d5cd1	2021.09.29.19.02.14_veh-28_00540_00917	1632942946299650	1632942967799751	following_lane_with_slow_lead	navtest
0ce170237acd51c2	2021.09.16.13.53.10_veh-42_01510_01591	1631802030399373	1631802051899853	following_lane_without_lead	navhard
184c11a8cc875403	2021.08.16.14.23.37_veh-45_00015_00132	1629124032500046	1629124054000081	following_lane_without_lead	navhard
2030d3a5ed675084	2021.09.16.13.53.10_veh-42_01510_01591	1631802030899754	1631802052399802	following_lane_without_lead	navhard
2382542e05f253df	2021.08.16.14.23.37_veh-45_00015_00132	1629124046500278	1629124068000676	following_lane_without_lead	navhard
39a1ca97dca75beb	2021.09.16.19.27.01_veh-45_00472_00711	1631820941000428	1631820962499553	following_lane_without_lead	navhard
45ebc34cbe405c3e	2021.09.16.19.12.04_veh-42_00289_00398	1631820178000156	1631820199500552	following_lane_without_lead	navhard
4dd1ab3a667b5074	2021.09.16.13.53.10_veh-42_01510_01591	1631802018899941	1631802040399536	following_lane_without_lead	navhard
5d2ee89308f958be	2021.10.06.08.16.17_veh-52_00922_01296	1633509209199629	1633509230699755	following_lane_without_lead	navhard
689abfdd66235378	2021.09.16.13.53.10_veh-42_00180_00342	1631800694900411	1631800716400068	following_lane_without_lead	navhard
8164612a623156ae	2021.09.16.14.39.34_veh-42_00297_00935	1631803538700069	1631803560200129	following_lane_without_lead	navhard
467879c3d37054f5	2021.08.30.13.45.25_veh-40_00610_00771	1630331906500407	1630331928000167	high_lateral_acceleration	navhard
05c6edc5f05c5932	2021.09.09.17.18.51_veh-48_01248_01450	1631209447999487	1631209469500100	high_lateral_acceleration	navtest
07930113a85651b0	2021.06.28.16.29.11_veh-38_03263_03766	1624901339299949	1624901360799659	high_lateral_acceleration	navtest
089e3eac4f7e5c5c	2021.09.16.14.39.34_veh-42_00297_00935	1631803565699406	1631803587199849	high_lateral_acceleration	navtest
0e6cae45fdd5536b	2021.09.16.15.12.03_veh-42_01037_01434	1631806327500208	1631806348999583	high_lateral_acceleration	navtest
0ebb578555b25ab2	2021.09.16.14.39.34_veh-42_00032_00186	1631803346200314	1631803367699414	high_lateral_acceleration	navtest
0eeeee655d415970	2021.09.09.17.18.51_veh-48_00098_00328	1631208363499875	1631208384999595	high_lateral_acceleration	navtest
1961d1075a085a1d	2021.09.16.19.27.01_veh-45_01749_03230	1631823185000057	1631823206500381	high_lateral_acceleration	navtest
1b203e7299655c9c	2021.09.16.15.12.03_veh-42_01037_01434	1631806392499801	1631806414000009	high_lateral_acceleration	navtest
2ad17379a25d55d9	2021.09.16.14.39.34_veh-42_00297_00935	1631803770700042	1631803792199580	high_lateral_acceleration	navtest
112db94505025ec5	2021.08.30.16.16.44_veh-40_01099_01351	1630341562000081	1630341583500400	high_magnitude_speed	navhard
132d1ec43fc058e1	2021.09.16.19.27.01_veh-45_00472_00711	1631820941500030	1631820962999974	high_magnitude_speed	navhard
1682c020a94054fa	2021.08.16.14.23.37_veh-45_00015_00132	1629124024499844	1629124045999900	high_magnitude_speed	navhard
4972962184a75fa7	2021.09.16.14.39.34_veh-42_00032_00186	1631803364200767	1631803385699713	high_magnitude_speed	navhard
4aa44e006ca9579e	2021.09.16.14.39.34_veh-42_00032_00186	1631803363700749	1631803385199730	high_magnitude_speed	navhard
4cac9f6cd85a5b47	2021.08.16.14.23.37_veh-45_00015_00132	1629124047000606	1629124068500342	high_magnitude_speed	navhard
5c838efd36805c92	2021.09.16.19.12.04_veh-42_01438_01677	1631821477500029	1631821498999929	high_magnitude_speed	navhard
5d12ad55fdd858e1	2021.09.29.19.02.14_veh-28_02451_02708	1632944714299638	1632944735799571	high_magnitude_speed	navhard
757c23c6819c589c	2021.09.29.14.44.26_veh-28_01331_01485	1632928159799733	1632928181299565	high_magnitude_speed	navhard
85482a4d20fd5eac	2021.08.16.14.23.37_veh-45_00015_00132	1629124024999705	1629124046500278	high_magnitude_speed	navhard
56c64f7e47b15e0d	2021.09.29.19.02.14_veh-28_00540_00917	1632942925299693	1632942946799791	low_magnitude_speed	navhard
58d40da0cce05d8c	2021.09.29.14.44.26_veh-28_01202_01296	1632927921799549	1632927943299792	low_magnitude_speed	navhard
62103d9b18645ebd	2021.09.16.14.39.34_veh-42_00297_00935	1631804026699619	1631804048199818	low_magnitude_speed	navhard
76b708c365e45536	2021.05.25.15.59.03_veh-30_04027_04200	1621976890599969	1621976912100540	low_magnitude_speed	navhard
77f11643ced5562a	2021.09.16.14.39.34_veh-42_00297_00935	1631804027199496	1631804048699822	low_magnitude_speed	navhard
79e8f1ce9ed95cf6	2021.10.06.08.16.17_veh-52_01949_02501	1633510709700315	1633510731199917	low_magnitude_speed	navhard
0578756b879c55d0	2021.05.25.14.24.08_veh-25_03764_04034	1621971090000097	1621971111500024	low_magnitude_speed	navtest
06db90857b4e575d	2021.09.16.14.39.34_veh-42_01111_01448	1631804501699746	1631804523199417	low_magnitude_speed	navtest
0777f5a7263758be	2021.09.16.19.27.01_veh-45_01749_03230	1631823669999677	1631823691500313	low_magnitude_speed	navtest
0a51eb8adf8e5391	2021.09.16.17.40.09_veh-45_02539_02745	1631816770400940	1631816791899800	low_magnitude_speed	navtest
07846b829b3a575e	2021.10.06.07.26.10_veh-52_00422_00728	1633505927699706	1633505949200480	medium_magnitude_speed	navhard
0b1250020ea95539	2021.09.16.19.27.01_veh-45_01749_03230	1631822437500014	1631822458999825	medium_magnitude_speed	navhard
0dc54a8c8203567b	2021.10.06.08.16.17_veh-52_01590_01725	1633509879200434	1633509900699656	medium_magnitude_speed	navhard
0e272e003af65a71	2021.09.29.18.19.40_veh-28_00438_00833	1632940200599734	1632940222099834	medium_magnitude_speed	navhard
12d426c6727d507a	2021.09.29.18.19.40_veh-28_01268_01685	1632940899599710	1632940921099588	medium_magnitude_speed	navhard
13310ca9a7715154	2021.09.16.15.47.30_veh-45_01199_01391	1631808549799989	1631808571299707	medium_magnitude_speed	navhard
28a4a08f11a05407	2021.09.16.19.27.01_veh-45_01749_03230	1631823390000674	1631823411499930	medium_magnitude_speed	navhard
2ee150fedbb15345	2021.10.06.07.26.10_veh-52_00422_00728	1633505927199761	1633505948700204	medium_magnitude_speed	navhard
32e5d7e804c65214	2021.09.16.19.27.01_veh-45_01749_03230	1631823390500739	1631823411999587	medium_magnitude_speed	navhard
342f42c4b2855ffb	2021.10.06.07.26.10_veh-52_01245_02064	1633506726200029	1633506747700381	medium_magnitude_speed	navhard
028613e11f415422	2021.10.06.08.16.17_veh-52_00612_00782	1633508852700222	1633508874199917	near_barrier_on_driveable	navtest
09d33cf8b87c5ae3	2021.09.09.18.29.25_veh-39_00969_01184	1631213363499164	1631213385000276	near_barrier_on_driveable	navtest
0bcae698fd905226	2021.09.29.15.23.04_veh-28_00814_01101	1632930067299697	1632930088799599	near_barrier_on_driveable	navtest
0cb87152ed5e5ca1	2021.10.06.08.16.17_veh-52_00612_00782	1633508853700354	1633508875199415	near_barrier_on_driveable	navtest
0eb72de48c875897	2021.10.06.08.16.17_veh-52_00612_00782	1633508854699795	1633508876200031	near_barrier_on_driveable	navtest
173b456bbf29598f	2021.10.06.08.16.17_veh-52_00612_00782	1633508853200481	1633508874699669	near_barrier_on_driveable	navtest
192220ae5c0a54a6	2021.09.29.15.23.04_veh-28_00814_01101	1632930066299763	1632930087799850	near_barrier_on_driveable	navtest
225eb6e22af55972	2021.10.06.08.16.17_veh-52_00612_00782	1633508929200283	1633508950699982	near_barrier_on_driveable	navtest
2a5fea3ae25e5cdd	2021.09.09.18.29.25_veh-39_00969_01184	1631213366999385	1631213388499779	near_barrier_on_driveable	navtest
2ca33fd04f805478	2021.10.06.08.16.17_veh-52_00612_00782	1633508854200060	1633508875699656	near_barrier_on_driveable	navtest
9ef1d618435d5e53	2021.05.25.17.54.41_veh-35_04111_04288	1621983952900146	1621983974399905	near_construction_zone_sign	navhard
b2abc819ebf45c11	2021.05.25.17.54.41_veh-35_04111_04288	1621983952400484	1621983973899676	near_construction_zone_sign	navhard
0d5b8da00d505be0	2021.06.03.12.02.06_veh-35_01100_01227	1622737354000727	1622737375501231	near_construction_zone_sign	navtest
0e08da5fbc735956	2021.05.25.17.54.41_veh-35_04111_04288	1621983951900960	1621983973399785	near_construction_zone_sign	navtest
14d171fcb9295596	2021.05.25.14.16.10_veh-35_00083_00485	1621966864999938	1621966886500358	near_construction_zone_sign	navtest
1d7fd5ffc1e3571c	2021.05.25.14.16.10_veh-35_00083_00485	1621966866499850	1621966888000891	near_construction_zone_sign	navtest
1e241714a35658ff	2021.05.25.14.16.10_veh-35_00083_00485	1621966865999648	1621966887500714	near_construction_zone_sign	navtest
221199c4bcef5e62	2021.05.25.14.16.10_veh-35_00083_00485	1621966867000035	1621966888501026	near_construction_zone_sign	navtest
5bd8cf3fa67a524f	2021.06.03.18.47.39_veh-35_00503_00777	1622761130199910	1622761151701344	near_construction_zone_sign	navtest
5ca7353cbe4a5cf7	2021.06.03.13.55.17_veh-35_02866_03582	1622746398599959	1622746420100434	near_construction_zone_sign	navtest
0092e40a13ea52f4	2021.06.28.21.47.53_veh-35_00280_00424	1624917315200834	1624917336701186	near_high_speed_vehicle	navtest
069dab3272205ecb	2021.06.28.16.57.59_veh-26_00016_00484	1624899946998692	1624899968497466	near_high_speed_vehicle	navtest
07c5114fdb395f8b	2021.06.03.13.55.17_veh-35_00073_00426	1622743187600860	1622743209100741	near_high_speed_vehicle	navtest
0cf908f72d885124	2021.06.28.21.47.53_veh-35_00280_00424	1624917319199967	1624917340700778	near_high_speed_vehicle	navtest
0e15e43a4c725f49	2021.06.28.21.47.53_veh-35_00280_00424	1624917317700207	1624917339200280	near_high_speed_vehicle	navtest
1558511dc7b45b86	2021.06.03.13.55.17_veh-35_00073_00426	1622743186600546	1622743208100266	near_high_speed_vehicle	navtest
15a50c88ab0255ca	2021.06.28.21.47.53_veh-35_00280_00424	1624917318699796	1624917340200591	near_high_speed_vehicle	navtest
198bc5f3280e52cd	2021.06.03.13.55.17_veh-35_02866_03582	1622746338601579	1622746360100737	near_high_speed_vehicle	navtest
31222d2fc6f95e0d	2021.06.03.13.55.17_veh-35_00073_00426	1622743188101064	1622743209600868	near_high_speed_vehicle	navtest
3151813685fe5b1d	2021.09.29.14.44.26_veh-28_00528_00992	1632927458799814	1632927480299584	near_high_speed_vehicle	navtest
087023402a695ba3	2021.08.16.14.23.37_veh-45_00015_00132	1629123993999912	1629124015500597	near_long_vehicle	navhard
8d0697930b5e5df0	2021.06.28.20.24.43_veh-38_03385_04952	1624916276100363	1624916297599521	near_long_vehicle	navhard
93ca181d363358eb	2021.06.28.20.24.43_veh-38_03385_04952	1624916275599997	1624916297099793	near_long_vehicle	navhard
024d012881be5995	2021.06.03.18.47.39_veh-35_00257_00492	1622760955701406	1622760977200624	near_long_vehicle	navtest
02902d180b405100	2021.05.25.16.37.23_veh-25_03311_03550	1621978494100114	1621978515600056	near_long_vehicle	navtest
04605629ea8a50cc	2021.06.28.13.53.26_veh-26_00492_00696	1624889120199131	1624889141701177	near_long_vehicle	navtest
0480033cdea65921	2021.08.30.16.16.44_veh-40_00256_00716	1630340771000282	1630340792500255	near_long_vehicle	navtest
0536ffc8d9555b0f	2021.06.28.15.02.02_veh-38_02398_02848	1624895314499341	1624895336500558	near_long_vehicle	navtest
06ce8610ceea51f4	2021.06.03.18.47.39_veh-35_00257_00492	1622760953201004	1622760974700708	near_long_vehicle	navtest
081b5785002b5962	2021.06.28.16.57.59_veh-26_00016_00484	1624899882997480	1624899904496779	near_long_vehicle	navtest
580dac44fa305877	2021.08.30.14.54.34_veh-40_00439_00835	1630336041000177	1630336062500471	near_multiple_vehicles	navhard
d50b69bed8f2570c	2021.08.30.14.54.34_veh-40_00439_00835	1630336040500190	1630336062000463	near_multiple_vehicles	navhard
0670d0c81a5550c4	2021.08.30.14.54.34_veh-40_00439_00835	1630336004000395	1630336025500169	near_multiple_vehicles	navtest
114feecba2285649	2021.09.09.14.18.22_veh-48_01503_01761	1631198961499760	1631198983000801	near_multiple_vehicles	navtest
17a6a4a6137553cd	2021.06.28.16.29.11_veh-38_01415_01821	1624899497299688	1624899518800248	near_multiple_vehicles	navtest
190808cc16cc53af	2021.08.30.16.16.44_veh-40_00256_00716	1630340521000387	1630340542500218	near_multiple_vehicles	navtest
1dae5903323e5214	2021.06.28.16.29.11_veh-38_01415_01821	1624899639800172	1624899661300033	near_multiple_vehicles	navtest
238f1cddb9415996	2021.09.29.19.02.14_veh-28_02451_02708	1632944816799721	1632944838299518	near_multiple_vehicles	navtest
2bc38f766c8851fa	2021.08.30.14.54.34_veh-40_00439_00835	1630336000000466	1630336021500330	near_multiple_vehicles	navtest
32a9021303f65743	2021.08.30.14.54.34_veh-40_00439_00835	1630336002500065	1630336024000374	near_multiple_vehicles	navtest
14fe69db03425780	2021.06.03.18.47.39_veh-35_00503_00777	1622761046700469	1622761068201735	near_pedestrian_at_pickup_dropoff	navhard
ae05160436d45a62	2021.06.03.18.47.39_veh-35_00503_00777	1622761046201016	1622761067702038	near_pedestrian_at_pickup_dropoff	navhard
045044cb9f21527e	2021.06.28.18.03.27_veh-14_00620_01581	1624904905699607	1624904927199918	near_pedestrian_at_pickup_dropoff	navtest
05ee09cb75205555	2021.06.03.13.55.17_veh-35_02866_03582	1622745936600990	1622745958100131	near_pedestrian_at_pickup_dropoff	navtest
0a4cf95e90d45770	2021.06.28.18.03.27_veh-14_00620_01581	1624904904699787	1624904926199654	near_pedestrian_at_pickup_dropoff	navtest
0a51eebaccc95c36	2021.05.25.14.16.10_veh-35_01690_02183	1621968512500924	1621968534001039	near_pedestrian_at_pickup_dropoff	navtest
0d2403a8031f540c	2021.06.28.21.16.05_veh-14_00957_01198	1624916158000355	1624916179499673	near_pedestrian_at_pickup_dropoff	navtest
14d53f85ccc65f23	2021.06.28.16.29.11_veh-38_03263_03766	1624901575799582	1624901597300058	near_pedestrian_at_pickup_dropoff	navtest
190c8d0cece45af1	2021.06.03.17.06.58_veh-35_02943_03220	1622757456801067	1622757478300645	near_pedestrian_at_pickup_dropoff	navtest
1ad96f74e72750db	2021.05.25.15.59.03_veh-30_03499_03671	1621976321600129	1621976343099551	near_pedestrian_at_pickup_dropoff	navtest
132307b3c1a55f97	2021.09.29.14.44.26_veh-28_00337_00504	1632927133799810	1632927155299623	near_pedestrian_on_crosswalk	navhard
019eaadd84cb56f8	2021.08.30.13.45.25_veh-40_00784_00867	1630331982000127	1630332003500192	near_pedestrian_on_crosswalk	navtest
039e37993d565b25	2021.05.25.15.59.03_veh-30_04027_04200	1621976905599650	1621976927099493	near_pedestrian_on_crosswalk	navtest
04cdd9195f885ac6	2021.09.29.18.19.40_veh-28_00844_01218	1632940742599614	1632940764099587	near_pedestrian_on_crosswalk	navtest
06b2df49f0455bd0	2021.10.06.08.16.17_veh-52_00032_00170	1633508299699578	1633508321200269	near_pedestrian_on_crosswalk	navtest
07bf0601ad425977	2021.09.09.14.18.22_veh-48_00322_00895	1631197983499958	1631198005000266	near_pedestrian_on_crosswalk	navtest
087df0996ade50d3	2021.09.16.19.49.00_veh-42_00990_01609	1631823341999857	1631823363500271	near_pedestrian_on_crosswalk	navtest
09bfb9a8f83b5079	2021.05.25.18.38.25_veh-25_04058_04186	1621986446900052	1621986468400028	near_pedestrian_on_crosswalk	navtest
0b12ac5676875ade	2021.05.25.14.26.37_veh-27_04122_04279	1621971563899703	1621971585399589	near_pedestrian_on_crosswalk	navtest
0f622aef14545f59	2021.06.28.20.24.43_veh-38_03385_04952	1624915404599682	1624915426099647	near_pedestrian_on_crosswalk	navtest
054e4984e1b55ec9	2021.06.03.13.55.17_veh-35_02419_02561	1622745438600679	1622745460601216	near_pedestrian_on_crosswalk_with_ego	navtest
58f3f43098985e77	2021.06.28.20.24.43_veh-38_03385_04952	1624916012099391	1624916033600010	near_pedestrian_on_crosswalk_with_ego	navtest
74d72b3cd99d5ab4	2021.06.03.13.55.17_veh-35_02419_02561	1622745438100462	1622745460101012	near_pedestrian_on_crosswalk_with_ego	navtest
89e02236312d5038	2021.09.16.19.27.01_veh-45_01749_03230	1631822899999990	1631822921500002	near_pedestrian_on_crosswalk_with_ego	navtest
9a4575e2dfd75ffb	2021.06.28.20.24.43_veh-38_03385_04952	1624916012599296	1624916034100417	near_pedestrian_on_crosswalk_with_ego	navtest
9e787f2f65a85f08	2021.10.06.08.16.17_veh-52_00032_00170	1633508302200238	1633508323699722	near_pedestrian_on_crosswalk_with_ego	navtest
cd59c2696d01521a	2021.10.06.08.16.17_veh-52_00032_00170	1633508302700005	1633508324200067	near_pedestrian_on_crosswalk_with_ego	navtest
dad522fc9c405963	2021.09.29.19.02.14_veh-28_00964_01689	1632943349799595	1632943371299729	near_pedestrian_on_crosswalk_with_ego	navtest
3067f3d3d5a75989	2021.09.29.15.23.04_veh-28_00814_01101	1632930204299866	1632930225799871	near_trafficcone_on_driveable	navhard
a47772efd1d758d6	2021.09.29.15.23.04_veh-28_00814_01101	1632930203799786	1632930225299645	near_trafficcone_on_driveable	navhard
00185dab0ba153b9	2021.09.29.19.02.14_veh-28_00964_01689	1632943460299649	1632943481799821	near_trafficcone_on_driveable	navtest
03af0c992a5a5ffc	2021.09.09.18.29.25_veh-39_00969_01184	1631213309999553	1631213331500227	near_trafficcone_on_driveable	navtest
0472df00162f5fc5	2021.05.25.14.16.10_veh-35_04097_04328	1621970816000290	1621970837500073	near_trafficcone_on_driveable	navtest
08dfae1bbef35bdc	2021.09.09.17.18.51_veh-48_01248_01450	1631209355999603	1631209377499279	near_trafficcone_on_driveable	navtest
09fc278e5d43564f	2021.09.09.18.29.25_veh-39_00969_01184	1631213344500123	1631213365999953	near_trafficcone_on_driveable	navtest
0eb2056214155957	2021.05.25.14.16.10_veh-35_04097_04328	1621970818501030	1621970840001013	near_trafficcone_on_driveable	navtest
0f3d66a03c5e500b	2021.06.03.12.02.06_veh-35_01100_01227	1622737353000448	1622737374501204	near_trafficcone_on_driveable	navtest
10214bdcdd9c5607	2021.09.09.14.18.22_veh-48_00322_00895	1631197823500577	1631197845000206	near_trafficcone_on_driveable	navtest
1e9350ac2bc25f59	2021.09.16.19.49.00_veh-42_00990_01609	1631823451500562	1631823473000483	on_all_way_stop_intersection	navhard
1ea152f7056659a9	2021.09.16.19.49.00_veh-42_00990_01609	1631823452000537	1631823473500662	on_all_way_stop_intersection	navhard
3d324bda0cec57ab	2021.09.16.17.40.09_veh-45_02539_02745	1631816741899964	1631816763399890	on_all_way_stop_intersection	navhard
491a9b7a44225a75	2021.09.16.17.40.09_veh-45_02539_02745	1631816655900171	1631816677400271	on_all_way_stop_intersection	navhard
6c9e40634f705f56	2021.09.16.14.39.34_veh-42_00297_00935	1631803907700158	1631803929200146	on_all_way_stop_intersection	navhard
dc207d97e04f5ce1	2021.09.16.17.40.09_veh-45_02539_02745	1631816655400126	1631816676900582	on_all_way_stop_intersection	navhard
f9a9b5ee707e501e	2021.09.16.17.40.09_veh-45_02539_02745	1631816742399972	1631816763899919	on_all_way_stop_intersection	navhard
0027991369e05ab2	2021.09.16.13.53.10_veh-42_00630_00818	1631801180899649	1631801202400022	on_all_way_stop_intersection	navtest
005f87dd980253a5	2021.09.16.16.20.27_veh-08_02435_02525	1631811843199648	1631811864699540	on_all_way_stop_intersection	navtest
01f2481a8cfc5803	2021.09.16.17.40.09_veh-45_02539_02745	1631816741399901	1631816762899977	on_all_way_stop_intersection	navtest
771c4e378bef58e4	2021.09.16.15.12.03_veh-42_01037_01434	1631806376499848	1631806397999607	on_carpark	navhard
9502cdbb06dd516f	2021.09.16.15.12.03_veh-42_01037_01434	1631806375999715	1631806397499629	on_carpark	navhard
048eb7efa08354e3	2021.09.16.19.49.00_veh-42_00990_01609	1631822894499929	1631822916000172	on_carpark	navtest
082381ecf93c57d6	2021.09.16.19.27.01_veh-45_01749_03230	1631823171000322	1631823192499460	on_carpark	navtest
096d823b664e5972	2021.09.16.13.53.10_veh-42_00860_01069	1631801430899917	1631801452400276	on_carpark	navtest
0efc84a20a7d5b07	2021.09.16.19.27.01_veh-45_01749_03230	1631823170500704	1631823191999484	on_carpark	navtest
13e6cd945bf95a1f	2021.09.16.15.12.03_veh-42_01037_01434	1631806324999705	1631806346500760	on_carpark	navtest
17296f6032025ecc	2021.09.16.19.27.01_veh-45_01749_03230	1631823313499726	1631823334999757	on_carpark	navtest
1b25edea36205814	2021.09.16.17.40.09_veh-45_02539_02745	1631816629399927	1631816650899683	on_carpark	navtest
1d612d6783845a87	2021.09.16.15.12.03_veh-42_01037_01434	1631806326499791	1631806348000422	on_carpark	navtest
05f1a5cbc0905d8e	2021.09.16.19.12.04_veh-42_01438_01677	1631821415499815	1631821436999704	on_intersection	navhard
452def672c5d592c	2021.09.16.14.39.34_veh-42_00032_00186	1631803258699602	1631803280200087	on_intersection	navhard
58d69daf413c5d5a	2021.10.06.08.16.17_veh-52_01949_02501	1633510589700262	1633510611200007	on_intersection	navhard
599c8b2bc9b252a7	2021.10.06.07.26.10_veh-52_00006_00398	1633505519700497	1633505541200053	on_intersection	navhard
5c883441084d58d7	2021.09.16.19.27.01_veh-45_01749_03230	1631822418499301	1631822440000567	on_intersection	navhard
5f53001e7e2d5347	2021.09.29.19.02.14_veh-28_02911_03005	1632945156299542	1632945177799823	on_intersection	navhard
67b05cf704325e6b	2021.09.29.19.02.14_veh-28_02451_02708	1632944756799623	1632944778299920	on_intersection	navhard
7b22018666ac5b0e	2021.09.29.14.44.26_veh-28_01331_01485	1632928167799530	1632928189299624	on_intersection	navhard
7feaf6410f1854a8	2021.10.06.08.16.17_veh-52_01430_01579	1633509769700593	1633509791199540	on_intersection	navhard
847432a116d35db0	2021.10.06.08.16.17_veh-52_01430_01579	1633509769200710	1633509790699825	on_intersection	navhard
c9ca538cb3235e43	2021.06.03.13.55.17_veh-35_02866_03582	1622745877600985	1622745899100500	on_pickup_dropoff	navhard
d64a3964875f5b41	2021.06.28.20.24.43_veh-38_03385_04952	1624915581099408	1624915602599952	on_pickup_dropoff	navhard
d715fbc6ea0551f8	2021.05.25.14.16.10_veh-35_01100_01664	1621967923999934	1621967945500092	on_pickup_dropoff	navhard
f038fc7ffdab5bad	2021.05.25.14.24.08_veh-25_03764_04034	1621970877500053	1621970899000121	on_pickup_dropoff	navhard
0057ce5b81c35a81	2021.06.28.20.24.43_veh-38_03385_04952	1624916057599847	1624916079099654	on_pickup_dropoff	navtest
008144fe47ac5f74	2021.05.25.15.59.03_veh-30_03499_03671	1621976341099971	1621976362599576	on_pickup_dropoff	navtest
0093ff0188ea5b90	2021.05.25.15.59.03_veh-30_03499_03671	1621976441100037	1621976462600317	on_pickup_dropoff	navtest
00f925ab5406520f	2021.06.28.16.57.59_veh-26_00016_00484	1624899673997732	1624899695496829	on_pickup_dropoff	navtest
00ff8eeb53cc598b	2021.05.25.15.59.03_veh-30_03499_03671	1621976334599663	1621976356100169	on_pickup_dropoff	navtest
015011d2b73158b7	2021.05.25.15.59.03_veh-30_04463_04606	1621977374600428	1621977396099730	on_pickup_dropoff	navtest
0802a51b0a1d512c	2021.09.16.13.53.10_veh-42_00860_01069	1631801418400139	1631801439899626	on_stopline_crosswalk	navhard
0dd3256035e75770	2021.09.16.16.20.27_veh-08_02435_02525	1631811842199761	1631811863699441	on_stopline_crosswalk	navhard
28c89352b09b55d4	2021.10.06.08.16.17_veh-52_00181_00574	1633508607199594	1633508628699963	on_stopline_crosswalk	navhard
470cfa23e42757c3	2021.09.16.13.53.10_veh-42_00180_00342	1631800747899407	1631800769400023	on_stopline_crosswalk	navhard
592f536375e755b6	2021.09.16.13.53.10_veh-42_00180_00342	1631800748399721	1631800769899854	on_stopline_crosswalk	navhard
635d0bb58aa95282	2021.09.16.13.53.10_veh-42_00180_00342	1631800737899891	1631800759399987	on_stopline_crosswalk	navhard
70f72122f1605fa1	2021.09.16.13.53.10_veh-42_00180_00342	1631800738399634	1631800759899808	on_stopline_crosswalk	navhard
a18d2b32f8415373	2021.09.16.19.27.01_veh-45_01749_03230	1631823133999199	1631823155499963	on_stopline_crosswalk	navhard
a2047f9cb3865b75	2021.09.16.16.20.27_veh-08_02435_02525	1631811842699703	1631811864199397	on_stopline_crosswalk	navhard
a43dbb1d34665f24	2021.10.06.07.26.10_veh-52_02208_02394	1633507576699984	1633507598200010	on_stopline_crosswalk	navhard
3838eb184c9d5989	2021.10.06.07.26.10_veh-52_01245_02064	1633506871199505	1633506892699936	on_stopline_stop_sign	navhard
3af9cb4d21e15e9e	2021.10.06.07.26.10_veh-52_01245_02064	1633506871699710	1633506893200082	on_stopline_stop_sign	navhard
01167513b5b55ca1	2021.09.16.19.27.01_veh-45_01749_03230	1631822446999610	1631822468500632	on_stopline_stop_sign	navtest
012432bd62b85f80	2021.10.06.07.26.10_veh-52_01245_02064	1633506873700472	1633506895199365	on_stopline_stop_sign	navtest
01314f10793f5ad7	2021.09.16.19.27.01_veh-45_01749_03230	1631823637499954	1631823658999894	on_stopline_stop_sign	navtest
017514eaeeef5716	2021.09.16.19.49.00_veh-42_00990_01609	1631823067000343	1631823088500053	on_stopline_stop_sign	navtest
02379e524f105926	2021.09.16.14.39.34_veh-42_01111_01448	1631804481199895	1631804502699510	on_stopline_stop_sign	navtest
02c896df120754ba	2021.10.06.07.26.10_veh-52_01245_02064	1633506997200759	1633507018700135	on_stopline_stop_sign	navtest
02f1ad081f41550e	2021.09.16.14.39.34_veh-42_01111_01448	1631804524199596	1631804545700204	on_stopline_stop_sign	navtest
0317b218061b5c4d	2021.05.25.14.24.08_veh-25_04059_04203	1621971267000147	1621971288499903	on_stopline_stop_sign	navtest
67bce1e28df25eaa	2021.09.29.14.44.26_veh-28_00528_00992	1632927631299656	1632927652799632	on_stopline_traffic_light	navhard
6e3cf172a2755fae	2021.09.29.14.44.26_veh-28_00528_00992	1632927631799871	1632927653299603	on_stopline_traffic_light	navhard
9191f3f8644d50cb	2021.08.30.13.45.25_veh-40_00878_01104	1630332135000426	1630332156500544	on_stopline_traffic_light	navhard
b8d2227c06a351e4	2021.09.29.19.02.14_veh-28_00540_00917	1632942804799670	1632942826299774	on_stopline_traffic_light	navhard
e5d2a01ab5b0562a	2021.08.30.16.16.44_veh-40_00779_01088	1630341127500076	1630341149000196	on_stopline_traffic_light	navhard
eed801b1cd035275	2021.08.30.13.45.25_veh-40_00878_01104	1630332221499964	1630332243000313	on_stopline_traffic_light	navhard
011376b151f2526c	2021.09.09.18.29.25_veh-39_00969_01184	1631213292499818	1631213313999611	on_stopline_traffic_light	navtest
016d6a913efa5ff1	2021.09.29.14.44.26_veh-28_00528_00992	1632927353299606	1632927374799820	on_stopline_traffic_light	navtest
0503cc398e2656be	2021.09.29.19.02.14_veh-28_00964_01689	1632943672799763	1632943694299588	on_stopline_traffic_light	navtest
0b232677746253a0	2021.09.16.19.12.04_veh-42_01438_01677	1631821490499967	1631821512000178	on_stopline_traffic_light	navtest
00c1e4eb4a045f20	2021.10.06.07.26.10_veh-52_00953_01126	1633506278200211	1633506299700143	on_traffic_light_intersection	navhard
02a81792cbdb5dd5	2021.09.29.19.02.14_veh-28_00273_00514	1632942602799588	1632942624299676	on_traffic_light_intersection	navhard
1981a85eb4ba5001	2021.09.16.21.13.37_veh-42_00172_00347	1631827116199982	1631827137700047	on_traffic_light_intersection	navhard
20cc0fdb7e2d5c3f	2021.10.06.07.26.10_veh-52_01245_02064	1633507075199594	1633507096700380	on_traffic_light_intersection	navhard
2bd04a0902095129	2021.08.30.16.16.44_veh-40_01099_01351	1630341459499942	1630341481000472	on_traffic_light_intersection	navhard
5521dd071ee95c1a	2021.10.06.07.26.10_veh-52_01245_02064	1633507074699825	1633507096200042	on_traffic_light_intersection	navhard
5d7c7edca69d5e73	2021.09.16.21.13.37_veh-42_00172_00347	1631827115700025	1631827137200042	on_traffic_light_intersection	navhard
622867ce25805447	2021.09.16.13.53.10_veh-42_00860_01069	1631801375400373	1631801396899870	on_traffic_light_intersection	navhard
67abcf0964415891	2021.09.16.19.27.01_veh-45_00472_00711	1631821060000359	1631821081500235	on_traffic_light_intersection	navhard
6ae2bcc5c2c050e4	2021.09.29.19.02.14_veh-28_00964_01689	1632943893299816	1632943914799688	on_traffic_light_intersection	navhard
2462c21ce2bb5f2d	2021.09.16.19.27.01_veh-45_01749_03230	1631822949000251	1631822970499585	starting_high_speed_turn	navtest
42a20478abeb54d5	2021.09.16.19.27.01_veh-45_01749_03230	1631823616499555	1631823637999742	starting_high_speed_turn	navtest
9090d50c08b05715	2021.06.28.15.02.02_veh-38_02398_02848	1624895254499307	1624895276000166	starting_high_speed_turn	navtest
a2c2e046132e5596	2021.09.29.19.02.14_veh-28_03198_03360	1632945460799731	1632945482299756	starting_high_speed_turn	navtest
4d2fceb0b30f59cd	2021.10.06.07.26.10_veh-52_00772_00917	1633506068700081	1633506090199742	starting_left_turn	navtest
6f61120208385a02	2021.10.06.08.16.17_veh-52_01949_02501	1633510313700334	1633510335199505	starting_left_turn	navtest
888d1fb945ed5982	2021.10.06.07.26.10_veh-52_01245_02064	1633507153200258	1633507174699595	starting_left_turn	navtest
8c6c4c4b507c5eb1	2021.09.29.14.44.26_veh-28_01640_01743	1632928361799530	1632928383299624	starting_left_turn	navtest
9135a6d270475c7f	2021.10.06.07.26.10_veh-52_00772_00917	1633506027700255	1633506049200855	starting_left_turn	navtest
918b6721bcf75d38	2021.10.06.08.16.17_veh-52_00032_00170	1633508345200503	1633508366699708	starting_left_turn	navtest
92c6df44cf055882	2021.10.06.08.16.17_veh-52_00181_00574	1633508684199938	1633508705698922	starting_left_turn	navtest
a0ff0b74063659a2	2021.10.06.07.26.10_veh-52_01245_02064	1633506924199915	1633506945700304	starting_left_turn	navtest
a4581d8af5f755a9	2021.09.16.14.39.34_veh-42_00297_00935	1631803846199661	1631803867699530	starting_left_turn	navtest
a589b9ccbe3e5d1c	2021.10.06.08.16.17_veh-52_00181_00574	1633508684699744	1633508706199386	starting_left_turn	navtest
06a1f481118057b2	2021.09.29.14.44.26_veh-28_01059_01191	1632927819299870	1632927840799640	starting_low_speed_turn	navtest
955916fd66da5657	2021.09.29.14.44.26_veh-28_01059_01191	1632927819799610	1632927841299589	starting_low_speed_turn	navtest
34489cf42e005e93	2021.09.16.15.47.30_veh-45_01199_01391	1631808539800258	1631808561300682	starting_protected_cross_turn	navhard
a67c6744e6c45edb	2021.09.16.19.27.01_veh-45_01749_03230	1631822970499585	1631822991999739	starting_protected_cross_turn	navhard
e244b2ddf97a57d6	2021.09.16.19.12.04_veh-42_01438_01677	1631821414999999	1631821436499938	starting_protected_cross_turn	navhard
2073f76964735ff7	2021.09.16.19.49.00_veh-42_00990_01609	1631823159999798	1631823181500354	starting_protected_cross_turn	navtest
2eb015a011ac5fa2	2021.09.16.13.53.10_veh-42_00860_01069	1631801374399782	1631801395899703	starting_protected_cross_turn	navtest
35cf51dd13d559c0	2021.09.16.14.39.34_veh-42_00297_00935	1631803614199657	1631803635700219	starting_protected_cross_turn	navtest
3a0e2f53c9585e94	2021.09.16.19.27.01_veh-45_00472_00711	1631820998999918	1631821020500364	starting_protected_cross_turn	navtest
4bb2fc18f5ee5dcb	2021.09.16.19.27.01_veh-45_01749_03230	1631822717500351	1631822739000275	starting_protected_cross_turn	navtest
54ed7e46291c5fcf	2021.09.16.13.53.10_veh-42_00630_00818	1631801180399668	1631801201899894	starting_protected_cross_turn	navtest
595596a88cce5c9d	2021.09.16.16.20.27_veh-08_02435_02525	1631811844199559	1631811865700068	starting_protected_cross_turn	navtest
442b2cf63c6f570a	2021.10.06.08.16.17_veh-52_00181_00574	1633508484699654	1633508506199856	starting_protected_noncross_turn	navhard
813c23718919507a	2021.09.16.19.27.01_veh-45_01749_03230	1631822323000057	1631822344500636	starting_protected_noncross_turn	navhard
ad34e2d0d3865530	2021.09.16.14.39.34_veh-42_00297_00935	1631803907200237	1631803928700217	starting_protected_noncross_turn	navhard
02015675e4585611	2021.09.16.19.49.00_veh-42_00990_01609	1631823127500589	1631823149000204	starting_protected_noncross_turn	navtest
0855e09733fe5445	2021.08.30.14.54.34_veh-40_00439_00835	1630336061500478	1630336083000423	starting_protected_noncross_turn	navtest
2b7bf25209dd5705	2021.09.16.19.49.00_veh-42_00990_01609	1631822945000428	1631822966500153	starting_protected_noncross_turn	navtest
2c337eb368fb54ca	2021.09.16.15.12.03_veh-42_01037_01434	1631806502000175	1631806523499287	starting_protected_noncross_turn	navtest
34ac200e359653b5	2021.09.16.14.39.34_veh-42_01111_01448	1631804567699946	1631804589199948	starting_protected_noncross_turn	navtest
36aef5f67c8d5e2e	2021.06.03.13.55.17_veh-35_02419_02561	1622745436101169	1622745458100401	starting_protected_noncross_turn	navtest
38ecbc57db7e561c	2021.09.16.13.53.10_veh-42_00860_01069	1631801420400434	1631801441900019	starting_protected_noncross_turn	navtest
3c3991ec8d7a5507	2021.09.16.19.49.00_veh-42_00990_01609	1631823399000404	1631823420499738	starting_right_turn	navtest
54ae4b189e79541b	2021.09.16.13.53.10_veh-42_00180_00342	1631800660399672	1631800681899074	starting_right_turn	navtest
621a9591a97758b8	2021.09.16.13.53.10_veh-42_00630_00818	1631801141899681	1631801163399608	starting_right_turn	navtest
6704953640e55b83	2021.09.16.17.40.09_veh-45_02539_02745	1631816806400773	1631816827899728	starting_right_turn	navtest
671da9103fe05141	2021.08.30.16.16.44_veh-40_00779_01088	1630341131000469	1630341152500275	starting_right_turn	navtest
68e2e4227c355dd9	2021.09.16.19.27.01_veh-45_01749_03230	1631822449499926	1631822470999950	starting_right_turn	navtest
71af26e14ba65545	2021.09.16.19.49.00_veh-42_00990_01609	1631823423000167	1631823444499795	starting_right_turn	navtest
73471e4908bc5708	2021.08.30.14.54.34_veh-40_00439_00835	1630336043500384	1630336065000136	starting_right_turn	navtest
77ebf0edb75c5b69	2021.09.16.19.49.00_veh-42_00990_01609	1631822944500120	1631822966000425	starting_right_turn	navtest
7956fe13f69e53dc	2021.06.28.18.03.27_veh-14_00620_01581	1624904964699712	1624904986199818	starting_right_turn	navtest
0371700bf65b51e0	2021.09.16.17.40.09_veh-45_02539_02745	1631816707400297	1631816728900538	starting_straight_stop_sign_intersection_traversal	navtest
043839beb58a5dad	2021.09.16.19.27.01_veh-45_01749_03230	1631822717000041	1631822738500626	starting_straight_stop_sign_intersection_traversal	navtest
1434146a1ab75426	2021.06.03.17.06.58_veh-35_02943_03220	1622757463800719	1622757485300736	starting_straight_stop_sign_intersection_traversal	navtest
25b5cecdb3b75e7c	2021.09.16.19.27.01_veh-45_01749_03230	1631822740499642	1631822762000184	starting_straight_stop_sign_intersection_traversal	navtest
300226e9649b51fd	2021.08.30.13.45.25_veh-40_00610_00771	1630331860500364	1630331882000263	starting_straight_stop_sign_intersection_traversal	navtest
3216cf4d7e975148	2021.10.06.08.16.17_veh-52_00181_00574	1633508471200494	1633508492700333	starting_straight_stop_sign_intersection_traversal	navtest
48ba976afe6a59c8	2021.10.06.07.26.10_veh-52_01245_02064	1633507099199583	1633507120699654	starting_straight_stop_sign_intersection_traversal	navtest
687dc7e79cf65570	2021.09.16.14.39.34_veh-42_01111_01448	1631804503199495	1631804524699837	starting_straight_stop_sign_intersection_traversal	navtest
81f1c631c7325b0f	2021.09.16.16.20.27_veh-08_02435_02525	1631811896699710	1631811918199946	starting_straight_stop_sign_intersection_traversal	navtest
8413eaf2b8e45e3b	2021.08.30.14.54.34_veh-40_00334_00419	1630335669000209	1630335690500427	starting_straight_stop_sign_intersection_traversal	navtest
1081728e06ca5239	2021.06.28.16.57.59_veh-26_00016_00484	1624899928496425	1624899949998258	starting_straight_traffic_light_intersection_traversal	navtest
17b0992157365222	2021.09.29.18.19.40_veh-28_00438_00833	1632940070599769	1632940092099802	starting_straight_traffic_light_intersection_traversal	navtest
1d0334886e9f535b	2021.08.30.16.16.44_veh-40_00779_01088	1630341199499839	1630341221000401	starting_straight_traffic_light_intersection_traversal	navtest
583e9cc4115258e4	2021.09.09.17.18.51_veh-48_01248_01450	1631209438499562	1631209459999572	starting_straight_traffic_light_intersection_traversal	navtest
7d4c548895955e0d	2021.09.09.17.18.51_veh-48_00657_00876	1631208865499652	1631208886999082	starting_straight_traffic_light_intersection_traversal	navtest
8fb6a2364e0c53f9	2021.08.30.14.54.34_veh-40_00334_00419	1630335683000158	1630335704500682	starting_straight_traffic_light_intersection_traversal	navtest
b023b7bcbab05bcb	2021.10.06.07.26.10_veh-52_00422_00728	1633505764700327	1633505786200020	starting_straight_traffic_light_intersection_traversal	navtest
b9e5b11ac3745f8c	2021.05.25.14.16.10_veh-35_04097_04328	1621970816500497	1621970838000220	starting_straight_traffic_light_intersection_traversal	navtest
bf72d4d6b25f5b27	2021.06.28.16.29.11_veh-38_00022_00368	1624898271800331	1624898293299972	starting_straight_traffic_light_intersection_traversal	navtest
cc853dd8697f51b3	2021.05.25.14.16.10_veh-35_04097_04328	1621970899500536	1621970921000883	starting_straight_traffic_light_intersection_traversal	navtest
2391f12d7e6a5e7f	2021.10.06.08.16.17_veh-52_01949_02501	1633510634700374	1633510656199940	starting_unprotected_cross_turn	navhard
6b7c5199f84e5aac	2021.09.29.14.44.26_veh-28_00528_00992	1632927657299589	1632927678799516	starting_unprotected_cross_turn	navhard
ae472d675a965aca	2021.09.16.13.53.10_veh-42_00180_00342	1631800679399861	1631800700900575	starting_unprotected_cross_turn	navhard
b867b28707205c0b	2021.09.16.19.27.01_veh-45_01749_03230	1631822969999620	1631822991500065	starting_unprotected_cross_turn	navhard
1bdfacbfcff75c27	2021.09.09.18.29.25_veh-39_01622_01766	1631213948499729	1631213969999558	starting_unprotected_cross_turn	navtest
1c064ec24fa15900	2021.10.06.08.16.17_veh-52_01949_02501	1633510391200051	1633510412699849	starting_unprotected_cross_turn	navtest
3d00fb1cdc87515e	2021.09.09.14.18.22_veh-48_00322_00895	1631197697999834	1631197719499574	starting_unprotected_cross_turn	navtest
4d6456183bd056bc	2021.10.06.08.16.17_veh-52_00922_01296	1633509178700271	1633509200200005	starting_unprotected_cross_turn	navtest
9482776d16a6551d	2021.09.09.17.18.51_veh-48_00889_01147	1631209162499624	1631209183999516	starting_unprotected_cross_turn	navtest
a1e689b17ca65053	2021.09.09.17.18.51_veh-48_01462_01552	1631209561999335	1631209583500430	starting_unprotected_cross_turn	navtest
e74ca27f40755297	2021.10.06.07.26.10_veh-52_01245_02064	1633507000700131	1633507022199701	starting_unprotected_noncross_turn	navhard
13c555e68671524f	2021.10.06.08.16.17_veh-52_00181_00574	1633508471700328	1633508493200574	starting_unprotected_noncross_turn	navtest
173369dc059d5fe9	2021.08.30.16.16.44_veh-40_00779_01088	1630341160000258	1630341181500376	starting_unprotected_noncross_turn	navtest
21b8742127e7523c	2021.10.06.07.26.10_veh-52_01245_02064	1633507244700264	1633507266199756	starting_unprotected_noncross_turn	navtest
2ee44628526e524c	2021.09.16.13.53.10_veh-42_00180_00342	1631800749900264	1631800771399231	starting_unprotected_noncross_turn	navtest
3862c9ed94ab5f90	2021.09.29.14.44.26_veh-28_00528_00992	1632927355299685	1632927376799852	starting_unprotected_noncross_turn	navtest
430589fe41235469	2021.10.06.08.16.17_veh-52_01949_02501	1633510405199414	1633510426699976	starting_unprotected_noncross_turn	navtest
49a0d29c7058501c	2021.10.06.07.26.10_veh-52_00006_00398	1633505466700222	1633505488200158	starting_unprotected_noncross_turn	navtest
63c145828c3b5fd8	2021.10.06.07.26.10_veh-52_00772_00917	1633506068200033	1633506089699747	starting_unprotected_noncross_turn	navtest
667360ba7d595e46	2021.09.16.13.53.10_veh-42_00180_00342	1631800749400357	1631800770899215	starting_unprotected_noncross_turn	navtest
082988f40658562c	2021.08.30.14.54.34_veh-40_00439_00835	1630335930500469	1630335952000436	stationary	navhard
330166def5a35f4d	2021.06.28.16.29.11_veh-38_03263_03766	1624901533299878	1624901555299822	stationary	navhard
3921f38b62d55f1a	2021.06.28.16.29.11_veh-38_03263_03766	1624901665300015	1624901686800247	stationary	navhard
585a681f4ad95682	2021.08.30.14.54.34_veh-40_00439_00835	1630335930000458	1630335951500292	stationary	navhard
686b55439d5e591e	2021.06.28.16.29.11_veh-38_03263_03766	1624901543799836	1624901565800119	stationary	navhard
94d74f87c8435b61	2021.06.28.16.29.11_veh-38_03263_03766	1624901544299621	1624901566300423	stationary	navhard
c3d6016d73645955	2021.06.28.16.29.11_veh-38_03263_03766	1624901664799698	1624901686300476	stationary	navhard
ea31c764f6385f4a	2021.06.28.16.29.11_veh-38_03263_03766	1624901532799893	1624901554800052	stationary	navhard
012dc5d8043555ef	2021.06.28.16.29.11_veh-38_03263_03766	1624901235299840	1624901256799665	stationary	navtest
0166f867762a56e1	2021.06.28.16.29.11_veh-38_01415_01821	1624899665799836	1624899687299946	stationary	navtest
0436604d25145231	2021.09.09.17.18.51_veh-48_00889_01147	1631209157000224	1631209178499838	stationary_at_traffic_light_with_lead	navtest
0c38a8ace1f5548e	2021.06.28.16.29.11_veh-38_03263_03766	1624901647799735	1624901669300018	stationary_at_traffic_light_with_lead	navtest
0df7b61597705cf2	2021.06.28.16.29.11_veh-38_03263_03766	1624901667299960	1624901688799708	stationary_at_traffic_light_with_lead	navtest
18b5995484435fbe	2021.08.30.16.16.44_veh-40_00779_01088	1630341305500506	1630341327000269	stationary_at_traffic_light_with_lead	navtest
1e92a7ac3d645cdd	2021.06.28.16.29.11_veh-38_03263_03766	1624901664299358	1624901685800304	stationary_at_traffic_light_with_lead	navtest
330ca2e9aa935a3a	2021.09.09.17.18.51_veh-48_00098_00328	1631208276999920	1631208298499233	stationary_at_traffic_light_with_lead	navtest
351663288cc45157	2021.09.29.18.19.40_veh-28_00844_01218	1632940656099878	1632940677599644	stationary_at_traffic_light_with_lead	navtest
3a5278b27c87565f	2021.09.09.18.29.25_veh-39_00569_00903	1631213004000152	1631213025499455	stationary_at_traffic_light_with_lead	navtest
4874da28248a5026	2021.09.29.14.44.26_veh-28_00528_00992	1632927503299560	1632927524799832	stationary_at_traffic_light_with_lead	navtest
498bf3fdec5e5506	2021.09.09.14.18.22_veh-48_00322_00895	1631197827500986	1631197848999701	stationary_at_traffic_light_with_lead	navtest
17cac31ef9135faf	2021.10.06.07.26.10_veh-52_00422_00728	1633505719699713	1633505741199918	stationary_at_traffic_light_without_lead	navtest
2d24100bcb1e57e2	2021.08.30.16.16.44_veh-40_00256_00716	1630340746500173	1630340768000080	stationary_at_traffic_light_without_lead	navtest
32d85d373126537e	2021.09.29.14.44.26_veh-28_00337_00504	1632927120799669	1632927142299859	stationary_at_traffic_light_without_lead	navtest
366c7e46b0415253	2021.10.06.07.26.10_veh-52_00422_00728	1633505720700105	1633505742199722	stationary_at_traffic_light_without_lead	navtest
3efebf87894a552e	2021.08.30.13.45.25_veh-40_01116_01336	1630332397000194	1630332418500220	stationary_at_traffic_light_without_lead	navtest
4211afd0df14524c	2021.08.30.14.54.34_veh-40_00885_00986	1630336265500520	1630336287000345	stationary_at_traffic_light_without_lead	navtest
43a4f01072795345	2021.08.30.16.16.44_veh-40_00256_00716	1630340746000265	1630340767500227	stationary_at_traffic_light_without_lead	navtest
564bb94f846e5fe1	2021.09.29.19.02.14_veh-28_00964_01689	1632943295799878	1632943317299672	stationary_at_traffic_light_without_lead	navtest
67958aa8e9015aaf	2021.10.06.07.26.10_veh-52_00422_00728	1633505720199840	1633505741699894	stationary_at_traffic_light_without_lead	navtest
6d2b59f78d995d9c	2021.09.09.18.04.06_veh-40_00743_01071	1631211694700482	1631211716200404	stationary_at_traffic_light_without_lead	navtest
0179d579d30e588c	2021.06.28.16.29.11_veh-38_03263_03766	1624901377299946	1624901398800479	stationary_in_traffic	navtest
01a58976a2e45a3d	2021.06.28.20.24.43_veh-38_03385_04952	1624916729599758	1624916751099604	stationary_in_traffic	navtest
0334cae9f1ef56ae	2021.09.29.18.19.40_veh-28_00844_01218	1632940825599704	1632940847099542	stationary_in_traffic	navtest
04aa69f18d255c96	2021.06.28.16.29.11_veh-38_00022_00368	1624898163299948	1624898184800398	stationary_in_traffic	navtest
08e03654c0ca5151	2021.06.28.20.24.43_veh-38_03385_04952	1624916729099524	1624916750599894	stationary_in_traffic	navtest
0b1a626ef31150b3	2021.06.03.17.06.58_veh-35_02943_03220	1622757585301772	1622757606800124	stationary_in_traffic	navtest
0dd23f4ea286544f	2021.06.28.20.24.43_veh-38_03385_04952	1624915956599995	1624915978099470	stationary_in_traffic	navtest
10d172af1ba359a2	2021.06.28.16.29.11_veh-38_03263_03766	1624901367799576	1624901389299973	stationary_in_traffic	navtest
131a036a111e54f3	2021.10.06.07.26.10_veh-52_00422_00728	1633505856699633	1633505878200001	stationary_in_traffic	navtest
1bf45a481f1d52e3	2021.06.03.18.47.39_veh-35_00503_00777	1622761284700378	1622761306200439	stationary_in_traffic	navtest
7cdcf11e211759cf	2021.09.16.16.20.27_veh-08_02435_02525	1631811871199722	1631811892699715	stopping_at_crosswalk	navtest
caee3d86c00351e6	2021.09.29.19.02.14_veh-28_02911_03005	1632945192799701	1632945214299701	stopping_at_crosswalk	navtest
1f7afb10d4cc5319	2021.10.06.07.26.10_veh-52_00006_00398	1633505462700073	1633505484199892	stopping_at_stop_sign_no_crosswalk	navtest
f082cf21642c5cbc	2021.10.06.08.16.17_veh-52_00181_00574	1633508743699639	1633508765200417	stopping_at_stop_sign_no_crosswalk	navtest
bf896d504b4356c7	2021.09.16.15.47.30_veh-45_01199_01391	1631808582300056	1631808603800481	stopping_at_stop_sign_without_lead	navtest
029585f0509d52b0	2021.09.16.19.49.00_veh-42_00990_01609	1631823433999902	1631823455500562	traversing_crosswalk	navhard
131ab0263b07507c	2021.09.16.15.47.30_veh-45_01199_01391	1631808540299912	1631808561800452	traversing_crosswalk	navhard
1b95b6689ee75fab	2021.09.16.19.49.00_veh-42_00990_01609	1631822874499974	1631822895999724	traversing_crosswalk	navhard
2575048779565f0b	2021.09.29.19.02.14_veh-28_00273_00514	1632942715799837	1632942737299752	traversing_crosswalk	navhard
262333f372975eef	2021.08.30.16.16.44_veh-40_00256_00716	1630340548000179	1630340569500469	traversing_crosswalk	navhard
2c8a58b94332570d	2021.10.06.07.26.10_veh-52_01245_02064	1633507103199684	1633507124699752	traversing_crosswalk	navhard
3b910accfc12560a	2021.10.06.07.26.10_veh-52_00006_00398	1633505265699703	1633505287199694	traversing_crosswalk	navhard
5e74b6a61b715f47	2021.09.16.19.27.01_veh-45_01749_03230	1631822323500400	1631822345000286	traversing_crosswalk	navhard
67debdeae60b5fa4	2021.10.06.07.26.10_veh-52_00953_01126	1633506278699886	1633506300199883	traversing_crosswalk	navhard
69baa41122b45e43	2021.09.29.19.02.14_veh-28_00273_00514	1632942603299764	1632942624799608	traversing_crosswalk	navhard
02b68b9cc51f506a	2021.10.06.08.16.17_veh-52_01949_02501	1633510667199704	1633510688700227	traversing_intersection	navhard
09446e65ee9a55d3	2021.09.16.19.27.01_veh-45_01749_03230	1631822799500002	1631822821000006	traversing_intersection	navhard
0af68cc78d085fdb	2021.10.06.07.26.10_veh-52_00006_00398	1633505468699718	1633505490199851	traversing_intersection	navhard
0cd0aaeb35c95094	2021.09.29.14.44.26_veh-28_00528_00992	1632927668799629	1632927690299680	traversing_intersection	navhard
18492b6ce9905b13	2021.10.06.08.16.17_veh-52_00181_00574	1633508485199502	1633508506699707	traversing_intersection	navhard
36899d67473c5c91	2021.10.06.07.26.10_veh-52_00006_00398	1633505519200671	1633505540700258	traversing_intersection	navhard
398326681cd7500a	2021.09.29.19.02.14_veh-28_03198_03360	1632945492299847	1632945513799560	traversing_intersection	navhard
3b1e0182cb145b8d	2021.09.29.19.02.14_veh-28_03198_03360	1632945442799822	1632945464299605	traversing_intersection	navhard
3c34d5d03e8a5bdc	2021.09.16.19.49.00_veh-42_00990_01609	1631823433499778	1631823455000433	traversing_intersection	navhard
3c542be991515ccd	2021.09.29.19.02.14_veh-28_02911_03005	1632945156799793	1632945178299773	traversing_intersection	navhard
0122ce98b2735558	2021.06.28.20.24.43_veh-38_03385_04952	1624916570599861	1624916592099878	traversing_pickup_dropoff	navhard
0fde069313a35062	2021.06.03.13.55.17_veh-35_02866_03582	1622745877100822	1622745898600423	traversing_pickup_dropoff	navhard
2322850f71fa5c4d	2021.06.28.20.24.43_veh-38_03385_04952	1624915512099847	1624915533599314	traversing_pickup_dropoff	navhard
2e1d4bde0a16514b	2021.06.28.20.24.43_veh-38_03385_04952	1624915512599569	1624915534099478	traversing_pickup_dropoff	navhard
4a919f7ea2f65200	2021.05.25.14.16.10_veh-35_01100_01664	1621967924500080	1621967946000250	traversing_pickup_dropoff	navhard
6b2cda5004dc5df9	2021.05.25.15.59.03_veh-30_04463_04606	1621977370600058	1621977392099863	traversing_pickup_dropoff	navhard
a19d3096f2625fdb	2021.06.28.20.24.43_veh-38_03385_04952	1624916571100058	1624916592599600	traversing_pickup_dropoff	navhard
b6247a5245a5554f	2021.06.28.20.24.43_veh-38_03385_04952	1624915580599633	1624915602099711	traversing_pickup_dropoff	navhard
c33bb70075e7594c	2021.05.25.14.24.08_veh-25_03764_04034	1621970877000071	1621970898500124	traversing_pickup_dropoff	navhard
c5b585ddf50d5f1f	2021.05.25.15.59.03_veh-30_04463_04606	1621977371099966	1621977392599607	traversing_pickup_dropoff	navhard
87eae54f57ea5690	2021.10.06.07.26.10_veh-52_00422_00728	1633505919200445	1633505940700166	traversing_traffic_light_intersection	navhard
8f8ccbd6ffcb54b9	2021.09.29.19.02.14_veh-28_00273_00514	1632942716299825	1632942737799729	traversing_traffic_light_intersection	navhard
a5183d5f2da251fa	2021.09.16.13.53.10_veh-42_00860_01069	1631801374900224	1631801396399777	traversing_traffic_light_intersection	navhard
a59bd481d324594a	2021.10.06.07.26.10_veh-52_00422_00728	1633505919700269	1633505941200236	traversing_traffic_light_intersection	navhard
a5f411a2c379503d	2021.10.06.08.16.17_veh-52_01590_01725	1633509891700585	1633509913199489	traversing_traffic_light_intersection	navhard
a8a34f54618050f6	2021.09.09.17.18.51_veh-48_01248_01450	1631209384499363	1631209405999433	traversing_traffic_light_intersection	navhard
a97ceb2edd0251f9	2021.08.30.16.16.44_veh-40_01099_01351	1630341459999934	1630341481500452	traversing_traffic_light_intersection	navhard
c1839a3333695317	2021.09.16.15.47.30_veh-45_01199_01391	1631808654300255	1631808675800060	traversing_traffic_light_intersection	navhard
c340cf7465ab5bbe	2021.09.09.17.18.51_veh-48_01248_01450	1631209383999827	1631209405499476	traversing_traffic_light_intersection	navhard
c7a44a2e52bc5e22	2021.09.16.14.39.34_veh-42_00297_00935	1631803652199715	1631803673699743	traversing_traffic_light_intersection	navhard
6e778c30490d5f50	2021.08.30.13.45.25_veh-40_01116_01336	1630332330000430	1630332351500197	waiting_for_pedestrian_to_cross	navtest
9a6489254d5f5577	2021.08.30.13.45.25_veh-40_00784_00867	1630331980500419	1630332002000120	waiting_for_pedestrian_to_cross	navtest
